,,,,,,,,,,,,,,,,,,
,,,,,,,,,,,,,,,,,,
,,,,,,,,,,,,,,,,,,
,USSN0C10 Curncy,,,USSN0110 Curncy,,,USSN0A10 Curncy,,,USSN011 Curncy,,,USSN0C2 Curncy,,,USSN0210 Curncy,,
6/12/2023,116.268,36.99,33.23,114.39,41.33,61.6,118.608,50.5,47.75,146.314,37.19,35.88,129.218,195.43,225.06,109.227,26.67,20.99
5/12/2023,116.268,36.99,33.23,114.39,41.33,61.6,115.4,49.53,45.86,146.314,37.19,35.88,129.218,195.43,225.06,109.227,27.07,22.72
4/12/2023,116.268,36.99,33.23,114.39,41.33,61.6,114.7,49.51,47.93,146.314,37.19,35.88,129.218,195.43,225.06,109.492,27.77,26.72
1/12/2023,116.268,36.99,33.23,114.39,41.33,61.6,111.9,50.06,50.51,146.314,37.19,35.88,129.218,195.43,225.06,109.657,27.77,28.13
30/11/2023,112.8,36.06,28.46,112.75,41.7,61.1,112,50.08,49.99,146.314,37.19,37.79,129.218,196.32,250.83,108.58,28.14,31.86
29/11/2023,111.6,35.71,30.78,114.255,42.36,65.19,119.155,47.06,41.63,143.848,36.84,45.52,119.743,194.94,267.23,110.856,28.01,30.22
28/11/2023,111.1,36.91,30.22,111.3,41.43,63.98,119.41,47.63,53.47,139.707,37.67,45.58,147.18,184.59,243.14,110.856,28.01,30.22
27/11/2023,111.9,36.96,30.34,114.507,41.21,65.26,120.793,48.33,53.08,139.482,37.67,45.43,147.18,184.6,254.09,110.856,28.01,30.22
24/11/2023,115.285,36.61,30.05,114.256,41.55,66.43,116.3,46.74,48.03,139.617,38.16,46.16,115.039,169.04,222.36,111.304,28.26,30.31
23/11/2023,115.531,36.77,35.61,122.63,35.83,53.82,118,50.58,48.84,139.617,38.16,46.16,115.016,172,248.61,110.1,28.37,30.69
22/11/2023,117.115,36.65,36.4,114.952,29.76,40.61,116.3,54.09,47.55,139.617,38.16,46.16,115.266,172,264.86,110.3,28.85,32.43
21/11/2023,113.2,35.48,33.32,112.75,30.18,41.03,119.7,61.97,50.61,136.29,37.65,43.5,118.215,172.36,282.88,113.565,27.77,31.03
20/11/2023,114.3,37.62,36.25,114.5,29.98,40.84,126.2,60.44,46.81,139.86,40.83,42.69,147.18,159.2,269.45,112.21,33.37,30.14
17/11/2023,114.6,37.69,36.27,113.9,29.88,40.47,127.6,70.9,64.55,145.205,39.25,38.37,121.661,148.23,243.94,115.541,32.22,25.76
16/11/2023,118,36.94,33.83,119.031,27.4,35.32,126.9,74.74,67.51,147.065,39.49,38.51,147.18,136.54,234.9,114.324,32.06,28.41
15/11/2023,119.5,42.66,34.64,117,26.74,33.94,120.1,76.51,57.43,143.95,39.88,36.27,147.18,136.69,234.69,111.41,31.41,22.79
14/11/2023,121.1,50.68,34.36,121.511,24.97,26.59,120.2,84.29,56.97,151.375,38.19,25.04,128.299,130.28,223.56,110.69,31.35,22.15
13/11/2023,124.6,52.16,35.66,119.41,30.62,27.93,120.6,84.37,57.04,146.98,37.43,18.45,147.18,123.63,209.15,111.34,31.31,24.77
10/11/2023,121.3,56.65,31.41,117.2,30.06,25.16,123.4,86.06,60.8,147.283,39.91,18.47,123.14,111.2,183.89,113.2,32.43,27
9/11/2023,119.8,57.15,30.14,115.919,29.83,23.77,125.2,87.42,63.06,145.89,40,20.17,147.18,97.02,151.74,115.813,33.93,27.14
8/11/2023,117,56.64,28.29,119.303,28.62,20.2,121,86.84,58.42,144.87,40.42,22.58,125.741,85.87,125.64,113.78,33.74,23.89
7/11/2023,120.6,56.26,32.71,120.774,28.97,19.8,126.006,96,56.17,147.67,41.79,28.47,147.18,70.71,85.71,114,34.18,26.76
6/11/2023,121.9,57.04,44.14,120.774,29.17,20.22,136.784,94.39,36.24,148.95,42.46,32.63,147.18,70.91,98.96,115,34.68,31.2
3/11/2023,121.6,57.17,46.66,118.5,32.73,15.25,132.7,95.83,37.05,148.95,42.46,32.63,127.211,59.53,51.38,118,35.06,30.99
2/11/2023,124,63.01,47.51,119.25,32.8,19.44,136.3,95.27,34.62,147.306,42.42,41.27,124.708,59.2,62.24,120,35.61,31.88
1/11/2023,123.6,64.45,47.18,120,33.69,26.02,139.33,102.32,31.91,147.29,42.42,44.7,126.155,59.16,62.78,119.62,35.63,31.8
31/10/2023,127.8,67.87,48.33,123,32.63,24.72,139.661,102.56,32.96,150.118,46.95,43.96,130.628,61.45,60.88,123.241,34.48,30.32
30/10/2023,130.1,67.9,47.52,125,32.2,25.74,136.3,102.58,33.11,149.595,47.7,43.96,130.188,61.42,60.77,121.985,34.5,30.29
27/10/2023,129.4,68.36,48.1,124.5,32.36,27.09,133.5,107.03,31.8,150.125,49.81,44.02,130.188,61.42,60.77,120.7,34.76,30.11
26/10/2023,135.119,67.2,40.42,125.5,32.19,26.62,137.1,120.45,48.52,147.686,51.41,48.97,126.61,61.06,63.23,122.5,34.41,31.05
25/10/2023,132.4,67.13,39.5,126,35.46,26.58,138.9,126.08,58,144.95,53.53,46.96,126.431,62.82,85.64,126.55,32.55,25.48
24/10/2023,126.6,66.16,32.46,125.5,36.11,32.12,138.2,126.2,84.65,150.329,52.57,44.92,129.598,62.54,85.43,124.286,32.5,24.32
23/10/2023,131,81.52,36.75,127.5,35.85,31.07,133.7,126.1,81.54,145.97,51.81,42.29,140.039,61.88,78.99,122.86,33.86,40.22
20/10/2023,134.7,86.53,32.95,131.5,34.13,24.99,135.5,127.18,107.2,152.984,50.14,43.43,140.039,62.3,79.01,120.82,33.88,39.75
19/10/2023,134.9,86.59,32.9,128.748,33.81,22.98,135.7,131.43,116.43,148.829,50.65,42.42,131.969,59.71,71.81,121.052,35.06,39.76
18/10/2023,131.4,86.45,50.05,128,34.02,23.1,133,141.63,124,146.7,51.48,43.05,134.912,59.45,71.14,121.052,35.06,39.76
17/10/2023,131.3,86.44,71.58,126,33.96,23.27,129.7,149.57,138.23,146.41,52.01,46.35,133.905,59.44,72.39,124.044,36.71,35.87
16/10/2023,129.5,86.41,76.08,124.1,33.98,40.49,129.2,152.94,138.75,147.134,52.6,49.71,134.618,59.49,72.98,124.044,36.71,35.87
13/10/2023,128.5,90.73,88.01,124.1,33.98,40.49,138.4,151.22,137.28,147.134,52.6,49.71,134.618,59.49,72.98,122.81,36.93,36.03
12/10/2023,128.6,90.73,89.07,124,34.48,40.5,130.2,150.65,136.35,153.52,51.23,41.36,129.277,58.16,70.97,121.71,38.1,36.3
11/10/2023,126.2,96.23,88.68,123.1,34.63,40.39,144.946,146.59,117.17,153.52,51.23,41.36,144.356,49.37,29.5,121.71,38.1,36.3
10/10/2023,132.1,94.95,85.27,127,33.04,35.3,147.732,146.34,131,154.839,53.74,44.02,146.353,49.29,29.47,124.2,37.74,34.29
9/10/2023,131.7,95.12,86.43,127.7,33.01,35.38,131.2,144.04,131.54,152.239,53.64,45.94,141.545,49.24,34.54,122.533,37.78,37.9
6/10/2023,131.7,95.16,86.33,127.7,34.38,35.1,142.2,141.69,118.12,152.239,53.64,45.94,141.545,49.24,34.54,123.31,37.74,35.56
5/10/2023,142.002,91.99,79.49,126.5,34.37,42.37,131.8,143.7,117.14,149.986,53.97,46.17,141.214,49.39,34.58,116.09,33.43,29.42
4/10/2023,130.3,90.11,78.69,127.1,34.94,43.03,117.5,139.37,127.22,141.93,51.45,47.06,138.344,49.17,34.92,115.831,33.65,30.11
3/10/2023,137.1,88.55,76.01,129.5,34.44,38.87,118.9,141.53,127.85,142.91,51.46,48.41,138.048,51.97,54.66,116.07,35.02,37.47
2/10/2023,127.1,95.78,73.94,122,34.08,30.09,126.3,140.32,122.11,139.95,50.96,48.04,134.831,53.09,53.82,114.28,37.86,41.53
29/09/2023,123.7,98.98,74.24,121.529,34.33,29.54,119.8,139.56,131.57,143.714,52.06,43.72,134.831,53.09,53.82,114,50.98,41.59
28/09/2023,124,99.31,76.83,121.5,34.61,30.53,119.2,139.69,168.84,138.46,50.94,56.56,137.288,55.07,52.5,114,54.63,42.33
27/09/2023,126.6,99.14,74.32,121.3,34.62,31.22,103.1,132.31,164.85,139.574,52.06,58.04,133.419,54.9,61.82,110.374,56.62,39.64
26/09/2023,122.7,99.08,73.98,119,34.6,44.04,109.6,132.81,161.67,132.99,56.36,52.87,131.529,54.75,60.56,105.715,55.33,32.52
25/09/2023,121.1,99.01,119.27,117.6,34.51,45.9,102.5,131.29,157.48,134,58.19,61.72,133.337,54.9,62.19,104.5,56.28,33.04
22/09/2023,110.5,94.95,122.84,111.5,30.93,36.34,102.8,131.29,159.6,131,60.33,62.89,133.337,54.9,62.19,106.178,56.03,31.97
21/09/2023,115.162,94.61,120.47,112.5,31.04,36.04,115.681,130.77,156.51,136.11,61.28,63.07,126.854,52.81,57.03,103.5,56.03,29.91
20/09/2023,105.9,91.1,110.22,109.24,30.61,32.2,112.086,130.93,185.72,131.97,64.2,58.94,126.608,52.82,56.83,106.684,55.95,28.72
19/09/2023,107.9,90.98,110.05,108.004,33.73,31.36,113.401,131.84,205.64,132.01,66.86,61.5,123.587,52.67,70.22,109.43,55.29,25.67
18/09/2023,104.4,100.03,107.88,106.16,33.19,30.55,101.7,130.41,205.77,131,66.74,61.55,131.923,50.23,63.15,109.43,55.29,25.67
15/09/2023,106.77,104.76,116.12,106.7,34.01,32.35,121.465,122.07,177.82,139.996,64.2,58.24,131.923,50.23,63.15,109.43,55.29,25.67
14/09/2023,106.77,105.1,116.1,107,34.29,33.18,106.6,115.54,163.74,143.651,64.1,58.11,133.01,50.62,64.18,109.43,56.47,30.43
13/09/2023,105.4,106.16,133.94,111.903,32.47,22.57,103.7,116.75,162.67,150.519,64.85,54.02,132.414,50.85,64.43,107.2,56.18,35.64
12/9/2023,123.285,97.5,97.4,113.994,34.5,19.51,104.6,117.31,162.77,150.519,64.85,54.02,141.415,47.58,52.99,105.98,56.09,36.88
11/9/2023,111,92.82,80.51,112,34.39,18.45,110,117.12,164.35,143.88,66.02,49.34,142.235,47.59,53.29,107.122,55.97,38.96
8/9/2023,111.7,93.48,80.47,111.5,34.81,24.23,122.012,115.41,153.82,151.684,64.29,49.25,142.235,47.59,53.29,105.51,55.81,39.61
7/9/2023,112.4,93.53,80.71,110.6,34.77,23.62,101.9,104.51,119.73,149.774,64.13,49.08,139.579,47.12,52.79,106.075,55.78,41.28
6/9/2023,112.1,95.04,84.44,111.453,35.15,25.15,118.726,93.26,94.36,149.008,64.08,50.43,147.18,44.6,49.37,106.075,55.78,41.28
5/9/2023,111.9,95.1,84.34,110,35.55,23.2,106.4,87.65,82.82,145.95,63.66,50.07,147.18,44.6,49.65,104.35,55.57,39.39
4/9/2023,122.134,91.18,103.22,108.25,35.29,31,107.2,87.94,82.82,151.182,62.93,46.84,137.555,39.26,35.85,107.142,54.95,37.83
1/9/2023,122.194,91.18,115.86,109.907,35.15,34.24,109.9,87.79,84.27,151.182,62.93,46.84,137.555,39.26,35.85,105.31,55.55,37.41
31/08/2023,109.5,84.93,96.78,108.25,35.43,34.22,110.6,87.79,84.54,146.21,61.93,41.95,140.841,38.88,34.59,108.08,54.88,39.66
30/08/2023,109.3,84.92,96.46,109,35.41,34.95,110.2,87.79,84.92,149.855,61.6,46.55,138.859,39.49,34.5,108.08,54.88,39.66
29/08/2023,110.7,85.91,99.05,109.5,35.37,37.98,117.7,85.62,85.67,146.01,61.38,44.98,137.612,39.24,45.81,112.688,53.13,41.46
28/08/2023,111.2,85.9,99.14,112.5,34.24,35.86,118.3,89.61,85.53,142.95,60.92,47.58,138.729,39.27,52.17,110.64,52.95,73.51
25/08/2023,112.6,85.84,99.45,112.5,34.33,37.78,131.231,83.36,53.62,142.95,60.92,47.58,138.729,39.27,52.17,113.82,52.21,81.1
24/08/2023,118,84.66,97.55,114.6,33.77,36.92,129,83.3,88.91,150.662,59.12,63.14,140.214,39.28,59.56,113.82,52.21,81.1
23/08/2023,118.3,86.17,97.63,115.5,34.56,38.28,119.1,80.05,79.92,152.449,59.05,68.94,142.258,40.26,61.19,113.82,52.21,81.1
22/08/2023,136.028,73.82,46.75,121.827,30.6,36.47,120,83.12,84.01,156.443,59.67,74.64,148.25,38.57,57.19,111.728,52.14,85.46
21/08/2023,124.9,70.18,88.26,120.1,30.44,36.15,117.5,85.69,99.78,156.443,59.67,74.64,146.914,39.1,58.03,110.05,52.05,85.84
18/08/2023,121.6,69.92,103.67,118.3,30.74,37.02,119.9,85.41,110.9,156.443,59.67,74.64,146.914,39.1,58.03,110.578,51.97,89.09
17/08/2023,122.8,69.82,104.1,117.9,30.91,37.24,118.7,86.71,110.96,153.57,59.5,79.51,142.199,37.59,55.72,109.983,51.97,89.23
16/08/2023,119.3,69.45,107.82,115.7,30.54,39.68,111,84.51,109.97,153.129,59.51,88.73,140.386,40.48,55.01,108.38,51.91,90.87
15/08/2023,119.3,69.48,114.91,116.5,31.63,45.16,109.1,85.24,111.27,153.129,59.67,96.17,138.517,40.24,55.97,104.64,51.01,90.45
14/08/2023,118.3,69.48,116.26,114.4,33.48,44.91,109.5,85.52,115.05,147.01,58.38,92.15,130.957,35.84,44.38,109.618,48.7,85.06
11/8/2023,114.9,69.24,116.86,113.1,33.38,45.42,122.416,78.61,99.26,144.95,58.24,90.95,130.957,35.84,44.38,109.618,48.7,85.06
10/8/2023,113.4,69.27,116.9,110.4,32.69,44.18,117.9,78.57,111.17,139.95,57.13,87.8,136.529,34.08,41.94,109.618,48.7,85.06
9/8/2023,114.3,70.1,121.46,116.021,28.65,33.47,112,77.4,109.02,153.079,50.92,82.04,143.807,30.64,36.39,109.618,48.7,85.06
8/8/2023,132.368,53.01,83.18,116.021,29.48,33.86,123.2,71.4,88.03,153.079,50.92,82.04,148.268,29.35,34.94,109.618,48.7,85.06
7/8/2023,120.1,45.13,67.88,113.5,29.04,33.24,112.8,67.25,81.75,153.079,50.92,82.04,147.078,29.78,34.11,97.67,34.44,59.22
4/8/2023,117.2,44.69,67.07,112.1,28.92,33.36,111.2,67.87,83.3,153.079,50.92,82.04,147.078,29.78,34.11,103.742,28.85,49.42
3/8/2023,124,41.1,56.61,115,27.55,31.08,104.6,65.77,76.92,153.079,50.92,82.04,150.131,29.58,33.08,103.742,28.85,49.42
2/8/2023,115.7,37.82,43.95,110.2,24.88,24,100.6,66.08,73.3,161.45,48.04,84.74,147.368,29.06,30.65,103.742,28.85,49.42
1/8/2023,111.6,38.39,46.15,108.566,24.6,23.62,105.3,64.44,70.72,153.019,45.43,78.06,146.875,29.66,30.38,97.67,22.69,33.81
31/07/2023,107.5,37.38,41.33,106.5,24.05,21.88,96.1,58.67,62.79,153.019,45.43,78.06,143.834,31.7,26.01,97.67,22.91,33.81
28/07/2023,105.9,39.26,40.81,105.9,24.06,22.19,102.9,56.06,54.05,153.019,45.43,78.06,143.834,31.7,26.01,97.67,22.91,33.81
27/07/2023,111.8,37.5,27.34,107.8,23.32,19.4,101.3,58.18,52.51,161.45,42.39,72.88,149.068,31.1,21.62,97.67,22.91,33.81
26/07/2023,113.1,37.7,37.96,105.406,22.44,19.86,99.346,57.81,50.04,150.95,38.92,60.15,152.919,30.57,24.49,100.975,20.46,29.67
25/07/2023,113.1,37.7,37.96,104.857,22.41,20.55,101.698,59.34,59.86,150.95,38.92,60.15,150.844,30.39,21.16,100.981,20.92,29.67
24/07/2023,113.1,37.7,37.96,103.3,22.2,17.11,103.622,59.52,76.59,150.95,38.92,60.15,154.397,29.74,19.76,103.4,19.57,26.8
21/07/2023,113.1,37.7,37.96,105.214,21.45,16.68,104.301,60.74,76.68,161.45,34.93,48.71,154.397,29.74,19.76,100.256,18.1,19.34
20/07/2023,113.1,38.45,39.2,104.3,21.86,13.94,104.39,62.03,83.07,161.45,35.25,48.71,155.554,29.89,20.06,99.825,18.7,27.28
19/07/2023,113.1,38.44,40.6,104.403,21.89,13.25,101.2,62.51,80.96,163.5,35.09,48.23,155.554,32.48,26.35,103.4,16.44,17.43
18/07/2023,113.1,38.44,40.6,104.382,22.88,24.53,110,57.82,67.65,161.45,35.44,47.63,155.007,32.69,26.14,103.4,16.5,17.3
17/07/2023,113.1,38.42,40.3,105.016,23.69,35.43,110,59.27,69.6,153.191,31.78,37.97,155.007,33.29,29.37,103.4,16.7,17.12
14/07/2023,113.1,38.42,40.3,105.353,25.22,35.39,110,66.81,71.61,163.5,26.99,10.96,157.72,33.31,27.92,103.4,18.02,18.76
13/07/2023,113.1,38.42,40.3,107.878,24.21,32.41,110,66.83,74.02,163.5,27.37,11.38,157.267,33.24,38.29,103.4,19.87,19.56
12/7/2023,113.1,38.42,40.3,109.7,24.27,30.58,118.261,64.03,54.55,163.5,27.38,11.25,162.74,34.06,31.67,103.4,19.87,19.46
11/7/2023,113.1,38.42,40.3,109.7,25.61,32.73,110,59.6,46.02,163.5,28.02,21.38,163.8,34.09,32,103.4,19.87,19.2
10/7/2023,113.1,38.42,40.3,111.5,25.18,30.45,110,60.15,47.73,163.5,28.05,23.1,163.8,34.06,31.78,103.4,19.92,18.85
7/7/2023,113.1,38.42,40.3,112.5,26.3,29.15,104.3,61.47,46.24,163.5,28.81,22.78,163.8,34.06,31.78,100.1,17.76,11.56
6/7/2023,113.1,38.42,40.3,113.3,26.27,27.61,104.3,61.47,47.82,163.5,28.81,22.63,163.8,34.06,31.78,100.1,17.79,11.53
5/7/2023,113.1,41.98,40.66,110,24.56,25.18,100,59.75,48.45,163.5,29.02,22.14,163.8,38.97,32.44,99.7,17.71,12.01
4/7/2023,108.2,39.73,34.78,105.5,21.86,15.21,102.1,60.51,46.15,160.2,28.89,22.91,159.6,39.07,30.92,99.2,17.82,12.11
3/7/2023,108.2,39.81,35.03,105.5,21.97,15.21,97.9,60.33,42.8,160.2,29.27,22.81,159.6,39.07,31.56,97.2,16.9,5.99
30/06/2023,107.1,39.84,34.89,105.3,22.73,15.7,100.2,60.61,46.02,158.8,29.12,25.05,156.2,38.8,30.91,97.7,17.87,5.78
29/06/2023,108.6,40.07,34.67,105.7,22.83,15.21,98.4,63.72,51.98,158.5,29.12,25.22,157.2,39.27,30.63,97.6,17.88,8.74
28/06/2023,102.6,36.11,14.7,102.9,21.11,6.87,95,62.96,44.55,152.6,26.83,17.52,149.7,36.17,19.3,97.3,18.21,8.9
27/06/2023,103.6,36.25,22.46,103.3,21.13,6.02,96.1,65.6,55.65,154.1,27.6,17.03,151.1,37.1,31.35,96.9,18.33,11.02
26/06/2023,104.8,36.58,25.75,103.3,23.49,8.53,98.7,66.53,56.83,153.3,28.02,27.41,152.4,37.25,34.74,97.1,18.33,11.08
23/06/2023,103.5,36.29,24.2,102.8,23.77,8.53,100.368,66.45,60.03,151.1,27.74,34.1,151.9,37.18,35.15,96.4,18.25,12.11
22/06/2023,103.9,36.72,24.29,101.82,23.79,10.36,96,66.01,59.35,150.3,28.56,34.29,152.8,39.2,35.39,96.6,18.3,16.52
21/06/2023,103.2,36.63,24.03,101.3,23.69,10.09,96,65.96,62.06,151.6,29.49,35.05,153.4,39.2,35.37,96.6,18.64,18.78
20/06/2023,103.6,36.77,35.32,101.3,25.78,14.39,98,66.5,62.73,151.4,29.51,35.98,150.7,38.84,33.84,96.6,18.82,18.57
19/06/2023,103,36.63,40.19,101.6,26.99,20.06,101.8,67.59,63.44,147.6,28.49,32.64,148.2,38.38,35.34,95.9,18.95,16.92
16/06/2023,103,36.63,40.19,101.6,27.2,24.45,107.5,68.35,78.23,147.6,28.46,35.65,148.2,38.38,35.34,96.87,19.38,18.79
15/06/2023,104.3,37.38,41.28,101.4,27.43,24.06,108.2,69.53,78.07,146.8,28.8,34.41,148.8,39.82,34.81,97.2,19.47,21.23
14/06/2023,105.3,38.34,46.21,101.1,27.58,24.08,103.2,71.57,67.77,143.9,29.21,29.97,145.9,41.82,27.6,98.5,19.13,21.99
13/06/2023,109,38.57,46.7,102,27.76,26.13,100.7,72.37,62.98,148.6,32.78,28.29,152.4,47.24,23.84,98.9,19.71,22.44
12/6/2023,106.9,38.21,42.99,102.3,29.46,26.07,104.8,71.48,67.86,154.3,31.13,24.19,156.9,46.92,23.41,100.6,19.48,22.87
9/6/2023,107.1,38.44,42.7,103.9,30.61,27.47,100.5,72.44,76.16,156.5,31.37,25.19,159.5,47.04,27.78,99,18.96,22.55
8/6/2023,107.1,39.23,42.12,103.5,31.4,27.5,104.6,72.43,75.2,154.9,31.91,22.95,161.6,47.87,29.4,101,19.56,21.52
7/6/2023,108.6,39.1,42.59,105.8,31.11,27.21,107.7,75.36,75.09,157.8,31.53,25.13,162.814,47.95,29.86,101.4,20.33,21.66
6/6/2023,104.1,36.97,47.29,103.6,33.14,27.5,112.4,75.39,75.57,156.19,31.85,27.38,161.2,47.82,48.96,102.2,20.29,22.4
5/6/2023,108.1,36.95,47.68,106.6,32.51,24.98,124.69,68.9,48.52,161.7,31.81,24.07,168.4,47.11,48.41,104.5,19.6,19.77
2/6/2023,110.7,39.06,47.76,107.1,32.54,28.28,126.1,69.3,46.71,164.1,34.41,22.82,171.3,52.07,47.67,107.5,17.49,10.94
1/6/2023,115.8,36.65,42.74,109,35.55,27.61,130.1,69.16,62.95,163.8,35.54,22.8,175.6,51.8,46.13,107.5,17.78,10.62
31/05/2023,120.2,34.78,37.42,112,34.58,23.21,130.1,69.68,62.72,167.1,35.18,20.26,178.8,51.73,44.69,107.5,17.9,10.06
30/05/2023,122.4,34.33,35.08,112.4,34.87,23.04,127.3,71.23,66.65,168,37.33,21.6,180,53.85,43.87,107.1,18.59,13.8
29/05/2023,125.905,33.29,31.31,115.466,34.05,21.02,119.1,68.8,67.2,171.9,36.46,19.78,187.9,51.8,39.67,105.5,18.2,13.12
26/05/2023,126.5,33.71,30.17,115,34.32,20.97,120.1,73.44,66.83,171.9,36.52,19.38,187.9,52.29,39.22,105.3,18.31,14.93
25/05/2023,127.3,34.29,30.3,115.183,34.97,23.6,120.1,75.77,73.24,170.2,36.51,26.44,188.6,52.35,39.27,105.3,19.1,15.83
24/05/2023,120.8,31.32,23.45,112.7,34.51,22.49,116.6,75.51,70.98,167.1,37.11,29.53,177.9,51.55,38.44,104.5,19.01,16.1
23/05/2023,119.3,31.96,22.78,113.842,37.64,30.94,112.1,75.07,68.25,164.7,36.97,28.1,173.1,50.99,34.65,103.4,18.81,15.62
22/05/2023,118.6,34.03,24.43,111.9,37.96,32.06,109.5,75.97,70.63,164.6,38.34,29.36,173,52.78,35.4,101.6,18.41,14.7
19/05/2023,117.3,34.15,23.64,111.3,37.94,32.23,117.8,73.88,69.79,164.4,38.73,29.24,170.2,54.25,34.21,101.4,18.4,16.74
18/05/2023,115.5,33.91,25.15,110.961,37.94,32.46,115.5,73.97,72.34,162.4,38.58,29.38,167.2,54.21,37.1,100.3,18.22,15.82
17/05/2023,113.8,34.28,27.95,110.871,38.55,33.71,109.3,75.96,77.38,159,39.36,29.63,165.6,55.62,44.78,101.3,18.04,15.08
16/05/2023,115.6,34.34,33.54,107.4,41.61,29.3,114.6,74.82,76.86,162,39.1,43.33,170.9,55.17,63.02,101.4,18.06,17.33
15/05/2023,113.9,34.22,33,106.1,45.92,33.5,114.6,74.98,76.85,160.7,39.17,43.15,169.6,55.46,63.69,102.3,18.33,18.38
12/5/2023,114.7,35.4,33.58,107.5,46.01,37.46,120.5,75.18,80.16,165,39.63,41.53,170.3,57.48,64.39,103,18.45,18.8
11/5/2023,117.3,34.98,32.78,107.8,46.02,39.39,121.3,76.01,83.23,169.7,38.51,40.72,178.2,55.83,62.16,102,18.63,22.11
10/5/2023,117,35.27,33.52,111.772,44.9,34.32,118.5,75.77,90.93,171.5,39.18,39.96,178.9,57.68,62.24,101.3,18.56,24.35
9/5/2023,118.8,35.72,34.14,109.2,44.48,41.19,125.5,74.88,84.82,169.5,40.18,41.79,177.1,59.12,62.17,102.7,18.91,23.73
8/5/2023,119.6,36.52,40.55,108.2,44.55,41.06,118.9,75.61,84.19,170.1,41.76,45.76,180.3,60.86,64,101.3,18.29,23.91
5/5/2023,117.1,36.06,46.06,107.1,44.46,39.83,124.5,77.86,80.8,167.9,41.99,51.72,175.2,61.04,74.59,102.1,22.74,23.91
4/5/2023,121,40.06,41.3,108.5,45.03,49.82,115.9,77.96,73.47,174,42.52,48.77,185.4,62.35,66.06,102.3,24.53,24.66
3/5/2023,117.4,40.57,38.64,107.4,44.89,49.48,111.2,82.78,70.76,165.4,39.54,41.55,172,60.43,53.86,100.8,24.5,23.74
2/5/2023,116.1,46.81,38.66,111.193,46.26,46.08,111.1,82.77,77.89,164.5,45.32,47.02,175.7,67.91,57.54,102.2,24.4,23.96
1/5/2023,114.8,48.83,39.49,108.1,46.68,44.58,118.4,85.08,68.03,161.89,50.21,46.73,173.3,69.29,57.6,103.2,25.25,22.57
28/04/2023,112.1,51.68,38.74,105.7,46.55,43.32,123.2,95.86,80.83,165.9,56.44,42.85,179.3,76.96,54.11,105.9,37.09,14.34
27/04/2023,113,51.69,41.14,107.5,46.35,44.37,115,98.7,76.72,165.6,56.4,42.56,178.1,76.87,54.04,104.1,38.44,17.91
26/04/2023,115.1,54.9,40.01,112.5,45.1,33.31,110.3,97.67,69.85,169.2,66.55,42.8,179.9,83.25,60.42,103.6,38.72,17.97
25/04/2023,119.5,70.68,34.93,114.5,55.15,43.83,113.764,117.58,74.15,175.1,74.84,33.16,186,86.34,54.71,102.1,43.26,16.79
24/04/2023,114.3,76.55,33.72,115.431,56.96,44.04,116.69,118.8,77.27,167.7,79.56,37.09,173,98.21,50.27,101.3,43.53,17.62
21/04/2023,114.9,76.93,34.31,110,55.33,37.06,112.6,118.18,71.31,162.9,78.97,36.61,169.8,98.27,54.79,100,43.39,15.76
20/04/2023,114.1,88.04,33.82,109.5,59.55,37.09,115.3,118.3,75.57,160.8,87.87,36.08,166.5,112.93,53.17,100.5,43.64,16.03
19/04/2023,112.8,88.2,33.63,107.7,59.76,38.31,109,117.54,82.97,153.9,90.18,29.96,157.8,113.98,40.1,98.6,43.3,10.76
18/04/2023,110.6,87.98,31.9,105.8,59.46,48.3,110.3,118.89,83.39,152.8,90.17,30.4,156.8,113.98,41.08,98.4,43.41,10.92
17/04/2023,112.3,87.92,31.96,107,59.41,62.24,119.9,116.43,72.86,150.9,90.14,30.12,159.7,113.91,46.06,98.8,43.56,12.22
14/04/2023,109.2,87.62,31.94,104.3,58.81,61.08,127.6,114.92,70.88,149.6,91.46,37.03,156.8,114.92,55.03,100.4,43.76,10.65
13/04/2023,110.4,87.85,33.93,104,59.48,61.14,131.3,114.54,72.49,153,91.19,35.52,163.2,114.19,52.78,100.3,44.28,11.5
12/4/2023,112.7,87.89,33.45,109.19,57.85,55.3,127.4,114.31,69.02,151.8,91.4,37.08,162.792,114.75,56.22,100.4,44.36,11.18
11/4/2023,117,87.53,30.27,106.6,57.54,53.76,134.458,113.06,66.89,156.6,90.82,36.53,170,113.9,56.76,101.5,44.29,12.86
10/4/2023,118.7,87.71,32.12,106.3,57.97,53.93,139.8,112.77,76.22,159.2,91.05,40.17,177.8,113.32,58.37,101.5,44.44,12.7
7/4/2023,119.9,87.81,32.53,106.2,57.99,53.87,136.7,112.68,84.93,158.7,91.04,40.27,181.6,113.04,60.21,102.3,44.81,30.01
6/4/2023,123,87.44,45.36,108.5,57.62,54.57,126.5,110.65,82.75,164.1,90.23,42.18,190.3,111.69,65.39,101.9,45.01,33.65
5/4/2023,121.4,87.48,50.99,115.412,54.27,42.71,126.6,113.33,97.87,162.5,90.25,42.14,188.3,111.83,76.72,101.6,46.01,33.87
4/4/2023,123.4,87.59,68.17,108.3,51.2,36.22,129.2,113.08,99.03,160.7,91.09,60.56,184.9,112.64,96.96,103,45.8,34.48
3/4/2023,120,87.36,70.71,106.6,51.16,39.23,136.3,111.66,110.04,155.2,91.59,66.49,176.3,113.05,93.76,104,45.69,37.25
31/03/2023,118.7,88.09,76.16,106.1,51.33,39.73,142.1,110.95,135.4,154.4,92.41,76.24,176.4,113.4,107.67,105.5,46.28,62.19
30/03/2023,120.6,87.91,76.56,107.8,51.56,39.58,146.2,110.92,150.8,158.2,91.95,77.32,185.1,111.99,107.29,106.3,46.17,67.17
29/03/2023,123.6,87.61,85.51,108.8,51.48,43.39,152.2,109.95,150.86,162.8,91.29,106.77,193.9,110.49,125.46,108.3,45.88,67.27
28/03/2023,127,87.59,117.27,110.2,51.87,70.71,142.9,108.77,188.19,168.9,90.22,122.11,204.5,108.52,130.24,108.4,45.85,77.02
27/03/2023,129.2,87.6,135,111,51.79,77.6,133.3,108.68,186.72,172.3,91.12,136.54,213.5,109.12,161.07,103.8,44.63,73.48
24/03/2023,138.3,84.58,131.22,114.1,51.15,77.57,144.8,104.89,179.45,179.7,89.79,134.62,229.4,105.65,153.87,107.1,43.3,71.69
23/03/2023,133.4,84.14,150.71,113.9,51.15,88.34,162.5,97.95,164.96,178,89.8,150.78,216.5,104.98,177.11,109.1,43.19,71.09
22/03/2023,123.8,82.04,145.36,108.4,49.64,84.5,162.4,98.64,164.57,165.7,88.05,151.95,196.5,102.53,174.77,108.4,43.38,71.15
21/03/2023,130.3,80.12,142.04,112.3,48.23,82.31,151,97.23,163.19,178.6,84.04,142.51,207.4,100.27,168.53,106.1,43.42,70.44
20/03/2023,139.6,77.08,134.74,115,47.69,81.04,176.9,81.38,125.74,195.7,77.6,125.47,234,91.45,141.2,116.6,30.66,42.22
17/03/2023,140.1,77.29,134.31,115.433,47.86,81.02,160.1,77.88,120.92,196.2,78.15,123.73,238.9,90.95,134.51,112.5,30.15,39.88
16/03/2023,132.5,77.12,132.27,112.5,48.61,81.19,166.8,77.14,115.06,175.1,72.66,115.78,216.9,88.68,133.92,114.8,31.41,35.96
15/03/2023,154.9,57.63,89.4,125.2,33.83,49.51,135.8,51.04,49.9,197.3,60.13,80.52,236.6,82.17,117.96,107.8,26.68,20.38
14/03/2023,139.9,51.76,77.3,119.7,33.35,45.78,128.555,49.13,43.94,179.1,55.18,73.8,200.4,69.72,98.04,106,26.37,20.99
13/03/2023,144.5,51.52,70.87,123,36.53,40.11,128.9,51.53,46.97,179.2,55.74,71.09,196.2,70.59,97.37,107.232,26.21,18.57
10/3/2023,126.2,37.4,24.14,114.7,30.82,23.18,132.9,50.88,40.97,158,44.74,46.76,163.6,51.53,49.68,105.8,26.13,23.52
9/3/2023,123.8,37.19,25.7,112.1,30.33,21.54,128,51.39,41.99,145.8,39.13,33.51,151.9,47.86,42.36,104.8,26.26,25.25
8/3/2023,122.8,38.26,25.93,112.2,31.12,21.1,121.2,49.13,53.94,145.2,39.13,32.93,151.3,47.9,42.13,103.9,26.46,29.89
7/3/2023,122.7,38.52,30.72,111.9,31.31,24.65,123.9,48.66,50.8,143.8,39.79,42.04,148.7,48.87,50.65,105.4,26.04,27.96
6/3/2023,120.6,38.4,32.06,112.245,31.47,26.53,122.627,48.65,51.88,136.3,37.22,40.17,140.7,47.38,51.47,103.5,25.54,26.91
3/3/2023,118.3,38.05,36.82,109.2,30.67,23.47,122.7,48.65,52.96,134,37.19,46.43,138.1,47.75,54.69,101.3,25.08,29.46
2/3/2023,121,37.63,32.53,110.9,30.23,23.16,120.631,48.59,57.79,136.2,36.98,44.92,142.6,47.22,49.66,100.4,25.12,29.4
1/3/2023,118.2,37.26,32.92,109.345,30.17,23.17,121.631,48.5,57.52,134,36.81,44.47,139.3,46.97,49.2,101.1,25.14,29.46
28/02/2023,115.4,36.61,35.45,106.853,29.39,24.43,116.9,47.05,54.84,129.1,35.35,40.45,133,45.35,44.07,99.85,24.81,29.29
27/02/2023,113.2,36.21,36.72,106.3,29.65,24.59,117.2,47.21,63.26,127.7,35.56,46.17,129.2,45.8,51.67,101.9,25.06,25.34
24/02/2023,114,36.46,36.25,105.949,29.64,25.94,119.632,47.61,59.65,128.1,37.74,48.25,129.7,49.07,52.87,103.4,25.85,21.62
23/02/2023,112.2,36.84,35.71,105.199,30.26,25.94,110,41.04,48.56,126.2,37.6,47.68,125.6,48.2,49.96,100.2,25.11,23.3
22/02/2023,114.6,37.34,36.26,106.953,29.82,23.32,110,42.07,51.52,130.4,36.12,46.35,129.6,47.22,53.4,100.2,25.3,24.6
21/02/2023,116.2,37.72,33.32,108.5,30.43,20.4,110.7,42.45,53.92,135.26,35.16,39.04,134.6,46.07,47.67,99.9,25.41,25.89
20/02/2023,111.648,36.1,33.18,106.954,31.93,23.97,106.7,47.57,51.86,129.2,34.12,32.98,129.2,44.46,47.65,96.8,25.2,22
17/02/2023,111.2,36.95,34.74,104.5,31.08,24.44,109.7,47.2,48.83,129.2,35.46,35.87,129.2,44.46,48.12,96.6,25.27,24.57
16/02/2023,112.4,37.78,41.96,104.8,31.1,29.94,110.3,47.87,52.48,128.5,36.16,41.8,127.2,44.21,55.27,94.8,24.72,29.88
15/02/2023,108.5,38.46,39.82,101.95,37.44,28.04,109.8,50.55,55.15,126.8,38.73,44.6,126.4,44.41,57.4,94.2,25.13,30.37
14/02/2023,110.399,38.52,39.93,101.945,38.06,32.56,102.6,45.45,41.04,132.2,37.08,31.6,133.4,41.9,40.48,92.1,23.44,26.7
13/02/2023,109.8,38.67,44.99,99.9,38.09,43.61,101.3,45.17,45.63,129.3,37.24,35.63,131.1,42.32,45.32,92.2,23.8,26.58
10/2/2023,108.8,39.49,52.05,99.2,38.07,43.83,103.9,44.92,45.01,128.2,39.19,39.15,129.3,43.24,53.32,93.7,23.8,25.93
9/2/2023,104.9,37.23,47.79,96.8,36.81,41.59,106.6,45.65,46.6,124.4,37.71,37.29,123.3,40.33,49.27,94.5,24.03,25.96
8/2/2023,103.7,37.45,48.2,97.299,37.18,42.47,102.8,53.37,37.44,122.2,37.87,36.85,119.6,39.41,47.66,92.4,23.65,19.84
7/2/2023,105.9,37.3,47.61,98.448,37.21,42.35,100.626,52.81,31.15,121.4,37.86,38.81,122.2,39.12,48.05,91.5,23.16,17.02
6/2/2023,107.3,37.48,47.45,99.5,38.6,42.29,101.626,52.88,34.45,123.8,37.77,36.7,123.1,39.21,49.7,92.8,23.9,18.43
3/2/2023,101.8,34.29,32.24,95.6,35.87,32.44,104.6,52.5,34.35,118.4,35.22,28.3,116.4,35.77,39.58,95.9,22.94,11.68
2/2/2023,99.8,33.59,25.92,94.75,35.63,31,107.3,53,36.38,114,32.49,16.79,111.9,33.57,30.58,97.4,22.85,10.67
1/2/2023,101.6,33.48,30.58,96.95,35.51,30.19,105.1,52.85,32.45,113.5,32.62,17.68,110,32.9,29.87,96.9,24.02,8.49
31/01/2023,104.6,32.78,29.11,102.197,32.72,15.7,110,53.31,25,115.2,32.85,16.93,111.8,33.58,29.72,97.7,24.23,8.86
30/01/2023,109.3,31.94,20.04,101.2,32.42,14.02,112.1,53.29,25.63,117.2,32.76,18.2,115.7,33.29,35.25,98.2,24.92,17.89
27/01/2023,108.1,31.83,21.42,100.2,33.22,11.2,116.2,54.09,22.65,115.8,32.83,26.52,113.5,33.2,42.44,99.1,26.73,21.42
26/01/2023,110.9,32.26,20.85,102.197,33.35,16.91,118,68.77,27.71,115.4,34.4,25.97,113.4,35.75,43.44,100.2,28.55,24.29
25/01/2023,112.2,32.39,26.74,103.046,33.39,16.66,118.635,69.73,32.2,117.3,35.71,25.94,116.1,35.59,42.74,100.4,28.71,25.58
24/01/2023,113.1,37.49,29.15,104,33.52,20.34,117.5,73.14,33.13,117.9,36.16,28.42,118.5,39.12,42.56,100,28.74,25.03
23/01/2023,113.3,39.49,30.7,104.9,35.47,26.61,117.633,73.28,57.09,118.7,38.19,31.87,120.7,43.65,42.15,101.3,28.81,29.62
20/01/2023,114.9,39.93,33.3,104.946,35.69,27.24,115.9,73.15,55.43,120.1,40.89,38.84,123.6,43.42,40.9,102.4,28.95,29.72
19/01/2023,113.2,39.72,35.64,105.952,35.83,27.16,115.9,73.35,55.94,119.1,40.96,39.12,121.8,42.93,39.57,103.2,28.99,30.5
18/01/2023,113.4,39.8,42.7,105.952,35.83,47.55,115.9,73.65,65.5,119,40.96,44.19,123.1,42.92,39.89,103.4,29.3,30.8
17/01/2023,114.2,40.23,43.06,107.448,35.88,50.6,114.3,74.48,64.81,116.9,40.16,39.92,118.7,41.87,31.62,101.1,28.88,23.4
16/01/2023,112.399,40.18,40.26,107.3,36.06,51.24,117.625,74.24,64.22,121.6,39.85,38.41,125.548,39.84,20.27,103.7,28.12,26.09
13/01/2023,115.1,40.38,41.77,105.056,35.44,46.41,121.6,75.71,62.32,122.45,40.53,40.93,124.4,40.51,21.48,106.5,27.35,25.78
12/1/2023,111.8,39.32,33.88,105.053,36.07,46.4,118.3,75.55,62.07,121.8,41.56,39.92,124.989,40.7,22.27,105.6,28.69,24.66
11/1/2023,114.3,39.01,38.39,107.645,35.56,48.67,116.3,75.3,83.34,124.97,41.11,45.57,127.3,40.49,27.06,106.8,28.52,29.6
10/1/2023,116.5,39.2,39.04,111.547,34.47,47.58,126.632,71.11,66.44,129.2,40.22,44.44,127.6,40.82,26.72,110.8,27.37,24.13
9/1/2023,113.6,40.25,34.29,110.951,34.43,51.31,128.68,70.99,64.91,125.1,40.37,36.73,127.4,42.2,27.27,112.4,27.55,24.83
6/1/2023,116.9,40.4,39.07,111.548,37.29,51.55,132.9,73.19,62.09,128.02,40.04,41.08,127.3,43.86,33.03,115.1,26.46,21.01
5/1/2023,122.6,39.71,31.56,120.757,28.65,29.36,126.6,74.48,62.63,134.4,38.67,35.27,129.3,43.7,34.4,118.3,24.85,10.72
4/1/2023,125,39.28,29.81,118.647,29.56,27.53,125.69,74.47,63.09,136.8,38.45,35.54,132.4,44.66,32.31,118.3,24.85,12.89
3/1/2023,127.5,38.86,27.81,122.63,27.79,19.96,125.2,81.28,66.8,140.8,37.99,32.77,136,44.65,33.44,117.5,28.89,12.87
2/1/2023,132.2,40.99,19.11,125.3,26.82,14.11,124.8,81.35,66.83,147.4,35.06,20.69,140.9,43.46,27.57,117.5,29,12.28
30/12/2022,132.2,43.89,18.49,125.3,26.82,16.72,129.8,80.65,68.83,147.4,35.18,21.33,140.9,43.49,28.3,117.1,29.26,27.68
29/12/2022,130.148,46.83,20.18,124.195,26.76,16.98,118.128,75.07,88.53,144.4,35.43,23.63,138.6,43.28,33.12,114.9,28.88,34.89
28/12/2022,130.1,46.89,24.15,124.452,30.38,16.33,117.8,77.22,88.6,147.1,34.84,21.59,140,43.45,35.36,114.9,29.09,35.8
27/12/2022,129.2,47.23,46.51,121.202,29.36,16.39,117.2,77.52,100.71,146.5,35.21,28.29,139.3,43.57,50.97,113.4,28.94,34.93
26/12/2022,125.9,46.51,49.55,121.181,29.73,30.06,119.2,78.4,101.71,143.9,35.5,39.34,135.8,46.04,61.04,112.4,29.48,34.57
23/12/2022,125.9,46.51,49.55,120.9,29.91,31.47,123.6,77.99,101.19,143.9,38.01,49.43,135.8,46.04,61.04,112.1,29.44,34.89
22/12/2022,124.904,48.69,50.52,120.447,30.47,31.59,121.5,78.14,100.93,142.8,37.99,49.64,133.9,46,59.81,109.7,28.52,31.89
21/12/2022,125.2,48.87,51.3,120.147,30.72,31.46,116.2,76.69,97.42,141.8,38.21,49.36,133.6,46.66,59.32,108.9,28.88,32.34
20/12/2022,126.1,49.35,51.54,120.147,31.45,31.83,114.4,76.67,99.97,143.7,38.05,49.32,137.8,45.93,58.3,107.2,28.69,32.57
19/12/2022,123,48.56,49.9,117.445,30.48,28.86,119.933,76.58,97.81,141.8,37.79,49.98,135.4,45.79,59.29,111.1,27.72,26.67
16/12/2022,122,48.48,50.62,115.954,30.08,28.22,138.4,65.08,62.34,137.8,36.65,47.69,133,46.73,59.71,115.4,26.83,17.08
15/12/2022,119,47.75,49.84,115.703,30.73,30.69,144.629,64.1,58.71,134,35.42,47.2,127.9,44.94,56.05,117.2,26.62,18.51
14/12/2022,120.895,47.67,49.87,117.454,31.13,29.92,135.1,60.19,47.4,137.2,35.48,46.36,130.5,44.93,56.63,116.6,26.61,19.12
13/12/2022,129.1,44.35,33.65,122.63,29.64,20.1,133.634,62.44,47.04,143.7,34.42,39.82,138.6,42.9,47.03,116,30.05,21.72
12/12/2022,135.2,43.02,23.59,125.05,30.54,17.32,132.5,62.78,46.82,151.9,30.44,28.22,148.8,37.57,21.79,115.2,30.4,25.88
9/12/2022,133.1,42.67,29.11,124.4,30.42,28.67,130.7,62.97,59.44,150.4,32.07,30.2,148.5,40.36,33.41,114.9,30.38,25.93
8/12/2022,131.8,42.44,35.85,124.4,30.55,29.78,128.3,62.6,68.1,153.1,32.28,28.88,149.6,41.32,36.9,113.7,30.26,25.88
7/12/2022,131.3,44.83,40.23,123.701,33.36,32.57,123.632,61.09,66.28,153.7,32.57,27.59,150.6,41.89,36.78,111.8,29.69,24.89
6/12/2022,129.399,45.33,40.39,122.63,34.01,33.8,121.632,60.97,89.11,151,32.22,28.06,147.1,41.44,38.95,111.5,29.64,36.47
5/12/2022,127.5,45.3,40.1,121.5,33.89,33.82,129.1,60.09,83.6,148.4,32.07,28.14,144.1,41.06,39.7,113.07,30.38,35.97
2/12/2022,124.9,44.74,50.01,119.354,33.33,33.02,132.9,62.17,82.52,144.6,31.24,26.77,140.8,40.2,40.62,109.9,29.27,31.19
1/12/2022,123.9,44.81,58.63,119.25,33.31,33.05,132.9,62.17,82.52,144.93,31.24,30.58,139.54,40.04,40.88,109.9,29.27,31.19
30/11/2022,125.5,44.81,65.61,121.446,33,41.18,132.9,62.17,82.52,146.5,31.63,28.7,140.9,40.33,39.98,109.9,29.27,31.19
29/11/2022,128.5,46.07,64.56,122.63,34.42,40.84,132.9,62.17,82.52,141.6,30.09,26.82,139,40.87,41.3,109.9,29.27,31.19
28/11/2022,123.7,46.52,60.42,117.3,32.06,31.86,132.9,62.17,82.52,141.6,30.09,26.82,139,40.87,41.3,109.9,29.27,31.19
25/11/2022,123.7,46.52,60.42,117.3,32.06,31.86,132.9,62.17,82.52,141.6,30.09,26.82,139,40.87,41.3,109.9,29.27,31.19
24/11/2022,123.7,46.52,60.42,117.3,32.06,31.86,132.9,62.17,82.52,141.6,30.09,26.82,139,40.87,41.3,109.9,29.27,31.19
23/11/2022,123.7,46.52,60.42,117.3,32.06,31.86,132.9,62.17,82.52,141.6,30.09,26.82,139,40.87,41.3,109.9,29.27,31.19
22/11/2022,123.7,46.52,60.42,117.3,32.06,31.86,134.6,62.13,82.21,141.6,30.09,26.82,139,40.87,41.3,110.1,29.28,31.19
21/11/2022,123.7,46.52,60.42,117.3,32.06,31.86,134.1,62.41,89.51,141.6,30.09,26.82,139,40.87,41.3,107.3,28.02,23.84
18/11/2022,123.7,46.52,60.42,117.3,32.06,31.86,133.6,62.38,90.26,141.6,30.09,26.82,139,40.87,41.3,109.18,27.7,26.01
17/11/2022,127.6,45.75,58.81,118.4,32,32,124.9,58.58,78.33,143.4,30.01,28.62,144.566,39.44,33.95,109,28.2,26.22
16/11/2022,122.896,44.03,57.18,114.9,30.4,24.21,116.8,53.87,59.41,139.4,28.67,33.95,139.5,38.13,42.79,108.9,28.63,25.49
15/11/2022,123.398,44.17,58.56,115.9,30.49,27.33,116.8,55.63,64.03,138.1,28.29,32.84,140.3,38.35,43.5,108.9,28.79,26.05
14/11/2022,122.2,45.37,57.08,115.7,31.4,27.47,129.9,46.67,46.05,135,26.94,27.78,135.4,37.46,37.28,114.1,25.83,19.57
11/11/2022,129.197,42.49,52.87,115.6,31.97,27.34,131.7,50.48,48.85,134.319,27.54,27.18,131.793,38.05,29.8,114.94,26.59,21.15
10/11/2022,122.5,38.9,37.89,115.6,32.14,27.23,133.8,50.53,52.03,132.5,27.31,23.84,133.6,39.1,33.94,116.4,26.41,23.11
9/11/2022,129.3,37.42,32.3,121,29.85,23.18,133.4,50.77,52.17,135.1,27.59,25.14,134.1,40.28,42.23,117.8,26.54,25.84
8/11/2022,130.3,37.91,32.68,121.5,31.31,25.07,142.4,61.93,44.51,134.7,27.37,23.92,133.2,40.8,41.88,119.3,29.94,26.42
7/11/2022,133,38.15,33.29,123.4,31.09,27.19,147.1,62.36,44.48,136.6,29.71,24.92,135.3,42.45,42.16,118.2,31.07,25.55
4/11/2022,133.9,38.33,34.49,124.9,31.25,30,154.3,60.39,49.24,139.4,30.73,27.59,136.7,42.87,45.12,121,30.29,36.29
3/11/2022,141,42.34,24.87,127.6,36.08,29.55,154,61.91,50.39,145.7,32.08,21.15,144.6,42.13,36.73,121.59,31.14,37.26
2/11/2022,139.6,45.65,22.83,126.1,37.52,28.37,150.69,61.7,51.64,146.9,38.55,25.72,147.3,53.36,43.37,121.2,31.24,37.28
1/11/2022,143.4,45.42,33.79,129.2,36.67,38.05,149.1,64.2,51.42,149.45,38.19,30.19,151.8,53.59,46.04,119.4,31.04,36.64
31/10/2022,143.151,47.89,36.63,129.2,37.13,40.32,146.9,64.13,49.82,149.2,38.44,32.01,152.038,56.02,48.24,121.8,30.32,35.08
28/10/2022,142.5,47.89,38.5,129.3,37.18,40.58,153.7,62.39,47.26,149.2,38.44,31.67,149.9,55.88,47.68,124.8,29.29,32
27/10/2022,141.399,47.94,38.72,127,36.94,39.02,159.9,62.97,46.66,148.6,38.46,30.86,144.9,54.88,41.33,128.5,27.46,27.09
26/10/2022,141.5,47.93,39.89,130,36.12,37.26,162.9,63.41,52.52,149.7,38.88,34.26,144.4,55.01,40.5,128.3,27.89,26.88
25/10/2022,145.1,47.55,38.27,133.7,35.02,33.79,161.8,63.51,52.66,153.45,38.96,33.42,147.3,55.7,40.28,127.7,28.01,27.26
24/10/2022,149.1,47.55,40.16,138.1,33.31,30.36,153.68,62.54,47.29,159,37.37,30.74,153.2,55.01,38.26,122.2,25.37,17
21/10/2022,150.8,48.13,44.1,138.6,33.99,30.04,150.6,65.28,45.45,160,39.83,32.37,155,58.2,41.3,120.3,25.18,15.55
20/10/2022,151.2,48.42,44.33,137.75,34.11,30.52,155.2,64.55,43.58,166.2,38.31,23.16,163.1,56.33,29.21,120.6,25.36,16.55
19/10/2022,144.7,47.09,39.96,132.1,32.41,24.11,158,69.41,42.83,163.5,38.21,25.01,158.8,56.2,29.3,121.96,26.22,19.23
18/10/2022,141.102,46.65,37.85,129.2,31.96,21.81,160,69.16,45.76,161.5,38.42,23.91,155.4,56.97,26.23,121.9,26.23,21.38
17/10/2022,144.1,46.28,38.63,130.3,32.41,22.79,165.3,68.9,40.07,163.9,39.34,22.69,158.1,56.99,30.71,122.2,26.24,23.64
14/10/2022,146.3,48.17,38.03,131.3,33.81,26.86,160.68,68.65,56.77,167.5,40.13,25.49,161,60.69,38.85,119.51,26.07,22.9
13/10/2022,149.6,47.44,34.52,132.1,33.68,28.27,152.7,67.94,47.84,165.1,40.16,24.72,162,60.61,41.65,118,26,20.52
12/10/2022,149.6,48.12,43.6,132.5,34.12,31.03,152.7,68.08,48.8,165.5,42.59,27.73,164.2,61.9,46.1,118,26,22.42
11/10/2022,144.5,47.9,42.07,128.5,34,31.17,156.7,69.43,84.79,163.3,42.66,25.54,162.4,62.08,47.51,117.6,26.28,35.65
10/10/2022,138.404,46.74,33.82,126,33.71,27.4,156.4,70.59,86.05,160.6,42.73,30.27,158.6,62.27,48.95,117.4,26.35,39.03
7/10/2022,139.1,46.68,35.13,126,33.72,29.05,154,71.66,86.06,160.6,42.96,33.82,158.6,62.45,50.13,115.6,27.72,38.79
6/10/2022,140.6,46.93,56.83,126.4,33.91,46.94,155.8,71.51,90.44,163.9,42.27,40.64,162.9,61.72,54.14,117.8,27.32,39.5
5/10/2022,139.6,47.99,64.43,125.6,34.43,50.77,150.1,70.93,89.37,164.8,46.05,52.59,166,64.28,77.95,119.4,26.73,38.47
4/10/2022,135.1,48.3,64.05,122.8,35.42,49.51,150.9,76.1,92.77,164.7,46.93,52.95,161.8,65.56,78.7,121.4,26.37,36.2
3/10/2022,136.7,48.49,69.85,125.6,35.13,48.74,161.8,72.54,76.84,169.723,45.8,49.34,169.8,63.63,79.85,124.3,25.17,31
30/09/2022,137.3,48.56,69.69,127.4,34.71,47.77,161,72.59,78.56,168,46.34,50.04,166.1,63.79,79.7,124.7,25.11,29.79
29/09/2022,142.9,48.74,64.33,130,34.74,45.3,159,72.61,87.83,172.3,46.29,44.8,172.9,64.26,73.94,123.3,25.78,30.59
28/09/2022,146.4,48.57,61.2,134.5,33.16,37.63,139.7,63,60.49,173.4,46.31,42.61,179.3,62.92,67.21,117.7,23.16,23.51
27/09/2022,150.2,47.49,56.66,135.2,33.31,36.05,133.68,64.29,57.33,168.2,45.73,42.57,174.1,62.62,67.51,114.3,23.41,20.58
26/09/2022,148.9,47.76,61.78,133.7,33.57,37.77,131.7,66.32,58.43,164.4,45.99,42.52,172.1,62.64,67.43,112.83,23.86,20.25
23/09/2022,138,43.4,51.67,125.7,29.64,26.74,137.1,65.49,63.41,157,44.3,44,166,62.6,71.64,115.4,23.28,13.62
22/09/2022,130.2,40.79,43.79,121.2,29.02,21.87,135.8,70.14,63.35,146.5,40.17,37.15,149.3,54.52,58.17,114.2,24.72,15.2
21/09/2022,126.4,40.98,40.67,120.9,29.63,22.67,127.5,67.75,74.41,147.02,42.16,36.41,144.1,54.83,57.48,113.3,24.72,20.88
20/09/2022,132.398,39.1,30.57,123,29.61,18.97,126.7,67.9,74.38,149.1,43.08,35.09,151.9,54.34,50.62,112.6,24.73,21.16
19/09/2022,132,42.19,31.6,121.9,32,22.77,127.9,67.8,75.91,149.3,46.07,40.94,151.1,59.66,52.84,111.1,24.73,21.03
16/09/2022,130.5,42.16,41.95,120.7,31.97,29.44,134.1,65.99,70.49,148.426,46.56,45.48,150.6,60.3,64.79,111.1,25.12,22.39
15/09/2022,130.099,42.33,42.15,120,31.97,29.63,128.5,67.71,68.3,145.382,46.04,45.71,148.8,60.28,65.47,108.69,24.55,20.47
14/09/2022,126.9,42.01,42.54,118.1,31.85,30.73,125.9,70.67,67.18,141.1,45.17,51.41,143.7,59.19,69.86,109,26.27,20.02
13/09/2022,130.397,41.15,41.59,118.8,32.03,33.33,128.1,70.74,75.24,138.4,44.71,50.53,139.2,58.22,68.49,109.1,26.72,20.42
12/9/2022,125.9,39.97,38.9,115.3,31.11,30.22,135.8,68.64,69.61,131.3,41.19,39.37,129.9,53.61,55.36,109.4,28.25,20.29
9/9/2022,127.6,42.34,37.87,115.7,33.1,29.99,136.9,68.52,73.04,134,45.77,40.84,133.2,57.66,56.35,110.3,28.7,26.38
8/9/2022,128.5,42.21,39.03,116.4,33.13,30.01,124.7,66.43,49.43,133.3,46.55,40.6,134.5,58.18,56.89,107,29.04,24.02
7/9/2022,128.6,43.85,43.51,116.4,35.32,32.22,124.7,66.43,49.28,134.3,47.18,49.61,138.6,57.56,63.28,107,29.49,23.86
6/9/2022,130.1,43.59,47.07,118.5,35.14,35.51,128.2,66.76,72.52,138.2,46.54,49.27,141.1,57.34,66.6,107.3,29.49,25.14
5/9/2022,123.395,41.57,38.74,114.1,34.8,32.17,126.5,66.79,73.94,132,47.32,37.71,130.5,52.31,43.82,105.25,29.09,26.2
2/9/2022,123.6,41.98,38.95,114.1,35.54,32.25,129.4,66.45,71.61,132,47.51,36.98,130.7,52.77,43.08,104.2,29,26.84
1/9/2022,126.2,41.55,45.99,115.8,35.19,33.5,130.69,66.66,70.38,137.45,46.46,41.71,135.9,51.75,55.76,103.3,29.1,28.6
31/08/2022,122.4,40.65,46.98,112.5,34.24,34.2,122.8,64.14,65.08,138.1,46.74,44.09,137.3,51.96,56.82,101.5,28.63,28.45
30/08/2022,123.9,40.55,45.74,111.5,34.17,35.6,127.1,63.39,63.79,139.3,47.08,44.56,140,52.17,56.02,101.7,28.68,31.52
29/08/2022,122.9,40.52,46.52,110.5,34.34,36.24,131.68,65.07,67.14,136.46,47.68,46.22,137.1,51.85,54.35,104.4,28,26.15
26/08/2022,119.6,39.75,45.98,108.4,33.89,36.07,132,65.16,70.84,136.7,48.67,46.59,135.2,51.56,57.71,102.2,27.24,29.47
25/08/2022,123,38.79,40.95,110,33.58,35.52,133,69.73,87.15,144.5,46.13,35.86,143.3,48.89,46.89,101.9,27.86,33.44
24/08/2022,126.901,41.57,37.65,113.3,33.58,29.84,120.7,62.72,70.09,148.3,47.48,40.59,149.7,54.93,44.97,99.5,26.78,31.4
23/08/2022,124,40.98,43.6,110.5,32.74,33.27,116.7,61.97,68.19,148.5,47.5,44.6,149.4,54.91,52.95,97,25.43,28.23
22/08/2022,125,41.37,53.1,110.7,33.37,40.56,114.1,61.76,66.93,151.5,47.54,52.51,152.4,54.74,68.57,95.1,24.49,26.97
19/08/2022,118.7,38.16,45.54,107.2,31.89,37.38,113.4,61.62,66.74,146.5,46.4,49.94,144.1,51.97,61.23,92.4,22.8,20.48
18/08/2022,114.5,36.28,41.7,103.8,30.2,33.01,110.5,61.17,70.54,143.7,45.87,47.58,141.993,51.58,60.73,91.5,22.38,19.43
17/08/2022,112.325,36.73,39.99,101,28.73,29.66,103.7,62.8,73.22,142.4,45.69,47.91,142.2,52.71,60.65,93,23.47,28.58
16/08/2022,109.3,35.32,35.16,98.6,27.75,25.31,108.6,61.8,72.73,138.3,45.23,42,142.3,53,60.86,93.9,23.41,28.85
15/08/2022,107.1,34.78,31.45,97.1,27.09,23.92,111.4,64.67,72.65,137,45.66,41.06,137.4,53.84,54.18,95.5,23.34,30.99
12/8/2022,107.74,38.43,46.26,98.3,28.91,35.16,120.3,61.65,57.7,140,46.73,57.83,138.1,55.49,70.41,97.6,22.87,29.96
11/8/2022,110.1,41.34,45.43,99.6,28.77,34.59,119.4,62.7,69.69,145.9,45.16,55.34,143.4,54.73,69.71,97.3,23.22,33.21
10/8/2022,113.1,40.82,47.07,101.3,28.91,38.82,117.3,62.78,68.66,150.7,44.18,54.56,150.3,56.18,64.08,97,23.72,33.41
9/8/2022,118.6,39.72,37.93,104.8,27.52,34.77,116.6,64.91,72.42,159.2,40.85,41.94,163.169,51.29,38.49,95.7,23.29,31.41
8/8/2022,117.5,40.18,40.13,104.4,28.33,37.7,116.8,64.96,72.98,155.8,44.68,55.48,158.8,56.25,42.86,96.7,23.23,32.71
5/8/2022,115.6,40.85,40,104,29.04,38.73,124.1,62.79,63.74,156.1,45.06,56.69,157.1,56.57,46.63,96.25,23.72,32.16
4/8/2022,116.7,40.81,40.72,102.8,29.03,37.78,115.6,60.98,50.96,154.3,45.22,56.65,157.6,60.06,46.82,92.8,21.3,22.84
3/8/2022,117.8,40.74,40.47,103.9,28.98,38.42,112.5,60.21,47.35,156.25,45.33,57.07,157.2,60.11,47.17,93.9,21.29,23.27
2/8/2022,117.6,42.78,40.8,102.9,28.85,37.5,115.3,61.68,46.47,155.7,45.33,58.07,159,60.34,49.18,96.4,20.4,20.44
1/8/2022,111.6,39.27,26.48,98.6,26.85,27.33,115,62.58,53.8,146.2,41.62,47.31,148.7,56.71,30.79,98,20.62,20.47
29/07/2022,110.5,39.02,24.97,99.3,27.04,28.21,123.1,59.7,43.79,142.4,41.07,47.6,145.317,56.06,25.82,100.77,19.67,15.47
28/07/2022,114.4,38.76,18.35,102.9,25.47,22.75,122.8,61.84,59.96,146.5,40.47,46.89,145.297,56.06,25.3,102.3,20.86,16.96
27/07/2022,114.3,43.91,34.15,104.4,25.35,26.1,118.2,60.67,52.59,145.96,40.39,51.5,145.506,56.53,51.99,102.6,21.53,17.19
26/07/2022,116.8,48.62,33.77,107.3,28.73,22.78,116.4,87.29,53.03,155.1,37.2,41.46,149.6,62.15,52.77,101.6,40.54,15.5
25/07/2022,118.9,48.71,34.08,109.7,32.79,22.63,117.6,89.82,53.16,158.4,37.39,41.47,153.9,65.99,52.4,102,43.66,15.88
22/07/2022,117.3,67.85,32.93,109.3,32.81,22.91,119.8,90.12,53.43,161.2,38.32,41.02,155,67.15,55.42,100.8,43.72,15.45
21/07/2022,116.6,70.87,31.94,108.5,47.24,22.36,120.8,90.27,53.51,159.34,51.55,40.47,153.1,100.67,53.88,100.8,43.76,15.29
20/07/2022,117.6,70.79,34.69,108.7,50.92,22.45,122.5,90.11,75.61,163.2,57.71,38.23,157.1,100.37,56.01,101.4,43.71,20.8
19/07/2022,117,70.81,33.1,107.1,50.94,21.19,130,88.44,69.91,158.3,57.26,36.25,155.2,100.36,53.73,103.1,43.66,18.6
18/07/2022,117.3,70.84,35.45,106.7,50.98,20.67,128.4,88.79,77.74,154,56.89,34.59,156.7,100.39,64.1,103.2,43.83,19.3
15/07/2022,117.9,71.46,48.1,107,50.96,28.13,139.4,90.25,60.98,152.5,56.94,39.21,158.2,100.33,69.57,105.3,43.48,17.33
14/07/2022,124.9,69.43,45.53,110.2,50.55,22.61,138.9,90.29,67.46,159.7,54.68,26.89,174.043,95.12,45.82,105.1,43.49,20.12
13/07/2022,124.8,70.46,45.52,110.1,50.76,23.7,136.5,93.25,67.61,159.4,54.84,26.74,174.043,95.96,54,105.8,43.8,22.74
12/7/2022,127.4,70.05,48.95,112.5,50.57,21.87,140.6,92.46,66.98,162.8,55,23.01,175.7,96.78,54.13,105.6,43.81,22.91
11/7/2022,126.5,71.65,51.28,111.8,50.58,26.48,142,93.78,66.99,161.1,55.68,44.59,172.4,96.82,73.52,104.5,44.14,21.96
8/7/2022,127,71.6,53.17,112.9,51.14,29.41,146.8,93.56,65.13,161.9,56.49,45.98,172.8,97.77,75.1,104.8,44.23,24.42
7/7/2022,131.5,72.27,48.31,112.9,51.14,30.21,135.9,93.2,65.71,162.262,56.45,46.93,180.5,96.31,77.65,102.5,45.01,22.16
6/7/2022,132.9,72.19,47.5,111.8,51.73,29.66,135.9,93.18,66.2,158.77,57.82,46.06,185.741,96.91,74.12,102.5,45.27,22.04
5/7/2022,131.4,73.34,55.52,112,51.77,30.29,128.1,91.99,62.34,155.6,57.89,44.57,177.597,96.8,73.82,101.42,45.48,19.48
4/7/2022,125.3,72.38,48.5,108.7,52.06,28.82,123.8,92.05,62.1,150.4,58.56,41.01,171.3,96.87,72.96,102.9,45.47,22.42
1/7/2022,125.3,72.38,48.5,108.7,52.31,29.36,128.9,91.09,59.76,150.4,58.59,41.63,171.3,96.83,72.98,104.6,45.67,23.63
30/06/2022,119.3,71.72,37.38,107.1,52.62,26.34,126.3,91.8,64.81,149.1,59.08,40.51,162.1,96.12,65.06,106.7,45.37,25.85
29/06/2022,118.1,72.12,37.36,108.8,52.69,26.18,119.8,90.5,55,150.4,59.32,40.72,157.187,96.51,62.08,106.2,45.36,26.1
28/06/2022,122.376,71.29,52.66,111.5,52.26,38.8,121,90.72,130.2,160.1,55.73,30.67,170.5,92.69,65.87,106.1,46.36,69.95
27/06/2022,125.4,70.83,65.14,114.3,51.88,48.08,124.1,91,132.4,163.4,55.32,31.55,175.2,92.08,79.34,108.4,45.93,72.91
24/06/2022,121.9,70.46,62.89,113,51.81,46.95,131.3,89.22,127.91,160.7,55.44,35.15,164.402,90.66,73.45,111.6,45.03,68.61
23/06/2022,122.7,70.84,108.13,112.8,52.75,79.41,132.785,91.42,126.12,158.357,56.75,72.11,163.258,91.31,153.94,111.7,45.53,68.02
22/06/2022,123,70.83,112.48,114.2,52.73,84.73,127.1,90.48,125.93,157.8,56.75,85.26,166.8,91.29,151.55,111.7,45.54,67.58
21/06/2022,128.7,69.32,106.29,118.6,51.43,79.23,132.2,90.16,119.95,162.5,56.06,80.56,170.5,91.29,149.07,110.5,45.48,67.43
20/06/2022,128.135,72.46,105.99,118.1,52.33,79,130,90.08,122.82,166.8,56.03,75.86,171,93.22,147.67,109.4,45.69,69.14
17/06/2022,128.3,72.46,106.28,118.1,52.35,78.67,137.5,88.6,133.59,166.8,56.47,74.54,171,93.77,148.07,112.6,44.8,65.96
16/06/2022,132.3,73.6,101.18,119.3,52.33,76.75,135.9,89.51,133.39,167.5,56.41,72.29,176.269,92.98,143.09,115,44.87,61.96
15/06/2022,124.1,71.44,103.13,113.8,50.66,77.25,110.7,65.6,90.33,163.9,56.29,75.15,162.2,91.34,145.3,102.9,29.5,31.78
14/06/2022,133.7,68.29,92.6,120.6,47.47,66.83,102.8,63.04,82.75,168,57.82,75,175.8,87.49,136.03,97.5,24.27,20.22
13/06/2022,132,69.87,92.47,122,48.33,64.49,105.794,62.68,85.2,162.9,61.15,75.14,169.4,91,136.1,96.1,23.78,22.41
10/6/2022,113.1,52.95,56.13,109.3,35.04,39.44,103,61.9,85.51,145.2,49.97,55.91,132.277,53.17,48.21,95.3,23.75,22.94
9/6/2022,105.5,48.38,45.69,102.6,29.06,26.96,101.5,62.22,88.84,132,39.77,33.85,129,52.37,47.64,94.71,24.38,28.5
8/6/2022,104.5,48.55,53.74,101,28.72,30.45,97,60.07,83.09,131.1,40.31,41.36,127.8,52.83,54.44,92.7,23.14,25.15
7/6/2022,103.4,50.31,53.57,100.1,29.26,30.56,98.6,60.51,83.08,130.4,41.14,41.96,124.5,54.95,53.07,93.6,23.08,25.68
6/6/2022,103.9,51.01,56.69,99.6,29.83,34.6,108.6,54.01,67.83,128.5,41.94,46.03,125.1,59.51,53.72,94.7,23.97,25.85
3/6/2022,100.1,49.6,50.91,96.8,28.21,30.04,106.6,54.99,66.38,126.3,41.48,44.71,122.1,62.99,52.22,94,24.49,25.22
2/6/2022,102.7,49.24,51.3,97.9,28.2,31.07,97.7,47.29,33.91,127.2,42,45.67,126,63.86,50.41,91.7,23.01,13.76
1/6/2022,106.2,48.45,50.16,99.6,28.33,31.16,97.7,47.25,36.91,130.3,41.86,44.91,130.5,63.22,49.62,91.7,23.2,14.78
31/05/2022,104.5,50.77,47.94,98.8,29.56,29.8,102.1,46.8,41.33,125.6,44.75,37.69,127.5,69.42,47.71,93,22.98,17.45
30/05/2022,98.7,47.31,26.53,95.5,27.48,14.06,105,46.27,42.15,120.2,44.49,20.77,120.3,68.46,29.56,93.7,22.94,17.78
27/05/2022,98.7,47.57,30.04,95.5,27.7,16.11,110.7,44.04,35.64,120.2,46.6,27.91,120.3,69.32,34.73,96.6,21.23,17.77
26/05/2022,103.3,46.08,24.9,97.5,27.14,18.46,110.3,44.46,45.69,124.3,45.88,28.37,125.4,68.96,31.16,98,22.25,18.43
25/05/2022,104,48.13,26.77,97.9,27.15,17.36,112,51.27,46.46,125.2,45.86,29.64,127.4,68.88,31.71,99.6,23.27,20.43
24/05/2022,107.7,47.32,23.33,100.7,25.96,20.01,115.3,52.37,51.73,129.5,45.81,26.34,129.7,70.89,39.22,101,23.38,22.35
23/05/2022,108.7,51.38,39.12,102.2,27.64,22.33,115.1,53.47,51.51,129.9,46.49,27.58,127.9,71.24,47.07,103.2,23.62,24.49
20/05/2022,111.9,50.83,38.79,104.4,29.42,24.21,119.6,52.28,51.26,132.6,51.17,34.2,130.1,74.36,53.99,104.3,24.74,25.01
19/05/2022,114.7,50.64,52.26,106.3,29.5,26.49,118.2,56.69,54.54,134.97,51.23,33.45,134.2,73.71,51.47,104,24.95,27.19
18/05/2022,115.6,50.89,52.77,107.6,30.06,29.56,115.3,60.09,56.49,135.5,51.27,33.45,133,73.7,56.11,107.3,23.35,21.79
17/05/2022,115.6,53,57.71,109.2,31.48,30.72,119.3,58.99,63.78,136.6,52,41.09,133.1,76.24,58.4,107.9,23.81,22.39
16/05/2022,114.1,53.28,61.86,108.6,32.46,34.11,119,58.98,63.62,133.6,51.47,47.75,130,77.7,69.96,107.6,24.04,22.47
13/05/2022,116.8,53.18,63.96,112.1,31.47,30.14,126.9,56.78,53.67,138.4,51.76,47.43,133.7,77.19,72.14,109.9,24.17,18.25
12/5/2022,116.178,53.23,65.12,113.4,32.07,30.35,126.9,59.68,55.13,137.8,53.18,47.22,136.5,77.85,72.08,109.4,24.34,19.55
11/5/2022,116.43,53.91,66.12,112.5,32.46,30.43,122.7,66.17,51.98,139.7,55.01,50.51,131.4,78.2,68.83,108.6,24.4,20.38
10/5/2022,124.5,52.12,58.03,116,31.83,25.13,123.2,66.86,53.02,143.3,57.14,52.58,138.8,76.52,72.67,106.7,24.31,18.82
9/5/2022,124.6,52.11,58.43,115.3,32.66,25.89,119.6,72.67,50.23,139.137,56.53,52.37,133.1,75.8,80,105.7,29.11,20.77
6/5/2022,117.772,49.82,52.62,114,32.89,26.73,124.3,73.57,50.45,139.1,56.52,52.43,131.6,92.29,89.74,108.1,28.98,15.23
5/5/2022,119.8,49.38,52.1,112,32.83,26.85,131.1,71.67,37.48,139.7,57.21,53.6,137.1,105.85,90.73,108.4,29.15,14.55
4/5/2022,115.193,48.28,47.3,110.2,37.53,26.33,125,71.44,29.93,146.5,60.13,48.79,133.5,105.6,88.24,107.3,29.14,14.46
3/5/2022,120.5,45.84,47.44,113.6,37.23,21.16,125.5,77.23,31.59,156.8,56.51,41.68,144.6,102.49,94.73,106.8,29.42,14.8
2/5/2022,125.4,48.38,38.33,114.3,37.09,19.46,127.4,76.83,29.16,156.6,57.45,43.88,151.6,101.22,90.62,105.99,29.54,15.22
29/04/2022,123.2,48.4,38.19,113,37.25,19.42,124.5,81.22,28.19,156.2,57.55,45.03,152.8,104.52,89.71,104.2,31.01,14.16
28/04/2022,121.4,55.22,41.62,112,37.87,20.47,125.9,81.19,31.27,153.2,59.14,49.7,149.5,109.08,94.53,104.8,30.91,21.47
27/04/2022,116.5,54.14,42.25,109.91,37.87,19.66,123.8,82.26,58.78,149.6,59.06,50.2,141.7,108.1,91.61,105.1,30.79,26.88
26/04/2022,113.719,53.8,43.27,108,39.62,19.08,125.9,83.4,62.83,145.4,66.71,50.52,131.874,106.05,88.98,103.1,30.53,25.37
25/04/2022,115.7,53.43,57.37,108.7,39.45,28.1,121.4,84.73,62.29,147.3,66.63,53.25,142.4,103.21,72.6,101.4,30.92,27.1
22/04/2022,117.1,53.21,57.3,109.9,39.11,35.37,120.5,86.64,62.23,151.4,66.21,68.41,149.5,101.91,80.03,101.3,30.92,31.3
21/04/2022,118.2,53.06,57.76,108.5,39.11,35.73,121.1,100.78,73.79,150,66.2,68.57,150,101.88,79.45,100.6,32.68,31.73
20/04/2022,112.4,51.16,51.53,105.6,39.7,34.13,118.1,100.69,81.2,141,63.84,60.69,136.5,98.16,65,100.5,32.69,33.22
19/04/2022,112.3,52.12,58.33,105,39.71,39.77,118.1,100.7,81.2,135.3,63.11,57.21,130.5,97.3,71.3,100.5,32.7,34.67
18/04/2022,110.9,52.06,59.09,104.1,41.8,42.47,116.3,107.72,81.27,129.7,62.3,48.81,126.2,97.8,75.64,100.75,33.68,35.05
15/04/2022,113.1,51.65,59.3,104.4,41.81,44.25,119,108,84.14,132.1,62.65,55.26,130.6,101.69,72.82,103.5,32.27,33.81
14/04/2022,113.1,51.65,59.3,104.4,41.82,46.48,130,108.17,72.97,132.1,62.65,58.08,129.388,105.17,76.1,106.5,31.01,28.27
13/04/2022,108.279,55.97,55.06,105,43.27,47.17,125,118.51,92.02,128,64.95,62.19,122,110.63,72.9,105.2,31.13,28.72
12/4/2022,110.346,55.55,56,108.8,41.61,44.17,120.9,119.73,91.76,131.4,66.44,66.86,118.6,110.32,70.7,102.8,30.71,27.57
11/4/2022,118.1,51.35,45.53,113.3,39.93,38.08,121.7,121.52,106.42,141.5,61.65,56.19,127.3,108.08,60.94,100.02,30.56,37.8
8/4/2022,117.1,54.4,46.21,111.6,40.44,39.43,113.1,120.4,104.2,139.2,62.46,54.48,126.7,108.32,112.49,98.8,30.6,39.88
7/4/2022,114.972,54.58,46.83,109.3,40.28,38.93,105.3,118.72,97.4,140.4,62.22,57.83,125.7,108.32,153.1,96.8,30.22,39.9
6/4/2022,112.835,57.01,47.17,105.6,40.46,48.4,105.3,118.78,100.35,144.8,61.01,70.29,133.886,106.34,148.25,98.2,29.76,37.28
5/4/2022,107.3,56.89,40.86,102.7,40.28,49.9,104.7,118.78,114.66,145.7,60.77,70.79,126.737,106.02,145.47,96.8,29.6,37.55
4/4/2022,104.804,56.78,39.39,100.1,39.95,49.07,109,118.18,110.08,140.5,60.36,71.36,126.222,106.1,145.47,99,28.52,32.37
1/4/2022,107.04,56.22,53.1,102.3,39.12,45.76,115.3,117.15,115.38,146.5,58.23,63.73,131.172,105.77,151.33,99.6,28.44,38.1
31/03/2022,105.851,56.22,53.61,100.2,38.86,46.55,127.2,112.73,94.62,139.8,57.34,64.98,125.361,106.13,160.99,100,28.42,37.85
30/03/2022,108.584,55.43,71.29,102.6,38,42.31,123.3,114.51,100.58,148,53.66,48.87,127.762,105.88,160.57,98.4,28.89,37.97
29/03/2022,102.241,52.85,63.43,104.7,37.31,46.34,111.7,113.11,92.21,150.6,53.14,80.7,125.003,105.77,160.14,93,24.97,27.14
28/03/2022,102.243,52.85,63.43,106,37,44.08,105.1,112.31,93.41,151.2,55.22,79.78,148.8,90.11,121.14,90.1,23.42,24.48
25/03/2022,102.242,53.74,63.43,104.3,38.67,44.56,107,113.62,98.03,147.2,61.54,81.67,124.998,77.17,76.82,88.25,24.48,21.53
24/03/2022,102.24,55.17,63.43,97.8,35.23,33.25,102.5,113.15,127.96,136.2,58.96,71.93,125.002,78.67,76.82,87.8,24.5,26.48
23/03/2022,102.237,55.23,63.43,94.2,33.85,33.18,92.2,109.06,105.99,132.2,60.64,70.5,124.997,78.71,76.82,86,23.89,22.9
22/03/2022,102.24,57.32,63.43,92.9,35.61,32.46,91.5,109.27,104.37,126.9,64.94,68.11,125.002,92.59,76.82,86.1,24.04,22.9
21/03/2022,94.643,53.44,44.06,91.1,35.42,36.75,98.9,106.76,131.82,124.4,65.61,68.01,113.619,92.88,54.01,88.4,22.58,27.1
18/03/2022,94.647,53.81,43.69,88.4,34.48,31.57,99.9,106.62,134.77,117.8,64.09,62.05,124.954,87.67,55.97,88.6,22.55,27.58
17/03/2022,102.542,46.99,15.97,88.7,34.54,31.7,103.7,106.06,141.4,118.1,64.09,62.13,124.954,88.7,78.83,88,22.52,28.3
16/03/2022,102.544,46.98,50.34,91.7,32.93,37.15,97.8,105.42,169.17,130.3,57.19,43.66,124.957,89.88,106.92,87.7,22.52,29.86
15/03/2022,102.541,46.91,50.34,91.4,32.94,38.56,102.8,104.18,170.36,128,57.38,50.87,124.947,89.83,106.92,89,21.85,28.36
14/03/2022,102.54,47.43,51.76,91,33.02,40.58,108.6,102.28,171.25,130.1,57.05,47.33,124.948,90.48,106.91,88.9,22.04,29.92
11/3/2022,102.532,48.05,61.52,89.8,32.93,43.3,128.5,86.13,132.94,129.5,57.84,48.09,124.933,90.54,107.27,91.7,19.19,23.29
10/3/2022,102.533,48.01,61.63,92.1,31.73,40.29,125.8,88.39,134.46,129.9,57.68,45.82,124.932,90.49,107.27,91.1,19.5,23.5
9/3/2022,102.532,48.17,70.01,92,31.76,43.36,126.7,89.22,132.82,126.7,58.09,47.89,124.929,90.65,107.27,91.2,19.41,23.62
8/3/2022,105.657,46.69,68.74,95.7,28.84,35.82,111.7,82.15,121.29,129.7,60.08,40.28,130.856,90,102.79,88.4,17.71,17.59
7/3/2022,106.2,47.35,69.14,94.8,29.24,36.99,107.5,81.7,122.25,125.9,60.33,42.13,144.5,83.83,76.4,87.5,17.62,16.86
4/3/2022,106.296,48.14,68.9,94.9,29.17,36.76,117.7,75.7,104.92,125.9,60.84,42.13,132.5,81.3,69.29,88.6,16.86,15.21
3/3/2022,97.689,41.95,55.75,91,27,30.89,99.5,61.32,64.56,117.9,58.81,34.48,116.667,73.77,44.23,87.1,16.46,12.06
2/3/2022,97.691,41.94,55.7,89.2,26.59,29.66,92.8,63.28,62.16,111.1,57.1,23.54,116.663,73.93,44.23,86.8,16.62,14.48
1/3/2022,99.377,41.57,54.03,91.1,25.42,26.81,98.7,59.88,66.48,110,57.18,24.5,116.641,73.93,44.24,88.1,15.58,19.97
28/02/2022,93.039,37.3,41.93,88.4,24.38,21.33,94.3,59.95,65.29,105.4,57.13,25.01,113.55,74.71,42.72,86.9,15.35,19.39
25/02/2022,90.641,37.93,42.11,87.3,24.61,25.84,94.7,60.78,72.34,103.8,57.69,46.72,113.567,75.35,56.07,86.9,15.96,25.38
24/02/2022,95.122,34.34,39.93,89.4,23.09,30.99,93.1,62.5,72.4,103.9,57.68,56.93,113.567,75.25,63.79,87.1,15.88,25.38
23/02/2022,90.612,31.75,31.53,87.3,22.35,29.33,93.1,62.51,71.77,102.8,58.91,67.1,108.375,74.59,58.75,87,15.95,25.34
22/02/2022,91.4,31.97,41.8,87.9,22.39,36.19,94.7,63.75,71.85,102.6,59.27,84.16,109.199,74.31,107.35,87.1,15.85,25.12
21/02/2022,91.2,32.01,44.34,87.7,22.52,36.91,90.7,63.58,71.69,102.6,59.35,85.78,104.7,74.06,119.25,87.4,15.72,24.42
18/02/2022,91.219,32.03,44.99,87.7,22.51,36.98,92.2,63.53,69.26,102.6,59.26,85.88,109.194,72.1,115.86,87.7,15.58,23.93
17/02/2022,91.1,32.31,44.66,88.2,22.3,36.46,97.9,62.54,56.53,103.2,59.03,85.82,109.195,72.05,117.73,89.2,13.98,18.77
16/02/2022,91.223,32.67,44,88.6,22.13,36,90.6,58.29,51.92,103.7,59.05,90.05,109.199,74.17,119.17,86.8,12.67,16.65
15/02/2022,91.222,32.74,43.37,88.9,21.98,35.56,87.2,64.19,50.98,107.9,57.48,84.13,109.202,74.38,118.29,85.9,12.74,16.77
14/02/2022,93.874,31.93,39.69,91.9,18.51,26.3,81.3,60.78,37.11,117,50.1,61.25,116.288,73.12,110.42,83.2,9.97,9.48
11/2/2022,89.752,29.44,39.26,88.8,16.67,23.97,80.4,60.89,37.58,111.6,51.69,65.46,110.206,72.51,110.97,83.4,9.99,8.16
10/2/2022,88.488,32.13,39.19,87.4,16.75,23.63,79.3,60.74,46.01,105.2,49.74,61.55,108.705,73.12,111.3,82.7,10.04,10.65
9/2/2022,83.613,27.8,28.03,83.9,12.93,13.1,80.7,61.59,47.81,96,43.1,45.38,91.9,54.95,71.07,81.8,9.86,10.05
8/2/2022,85.131,27.68,24.78,84.6,12.55,11.92,77.4,61.29,39.83,98.3,42.84,52.06,99.923,47.69,49.84,80.8,9.53,9.33
7/2/2022,83,26.82,25.74,83.7,12.48,14.8,77,61.26,39.41,98.7,42.77,52.44,98.054,50.53,58.11,80.8,9.53,9.01
4/2/2022,82.145,27.42,27.8,82.8,12.36,14.36,78.6,61,40.08,97.2,42.82,56.23,92.841,49.35,54.64,80.6,9.62,9
3/2/2022,80.875,27.24,26.39,81.5,11.89,13.11,80.6,61.3,48.19,91.5,39.78,50.65,87.418,46.7,47.31,80.5,10.04,9.18
2/2/2022,80.151,27.1,26.62,81.4,11.91,13.06,78.1,61.4,68.87,88.9,39.15,50.14,85.6,47.83,48.86,80.2,10.05,9.93
1/2/2022,81.452,26.73,25.65,81.7,11.77,12.38,77.8,64.22,68.76,89.6,38.98,49.09,87.77,48.33,44.62,79.1,9.44,8.84
31/01/2022,83,26.63,23.6,81.9,12.09,12.93,78.5,65.14,73.91,91.4,38.73,49.4,88.125,49.38,47.61,78.5,9.3,8.71
28/01/2022,82.699,26.93,30.47,81.4,12.29,14.91,82.5,63.73,69.82,89.7,39.29,50.89,87.6,50.4,52.03,79,9.76,10.39
27/01/2022,80.833,26.18,28.99,80.6,12.11,14.91,85.1,68.46,72.31,86.3,38.1,49.44,84.6,49.55,50.97,78.6,10.04,10.46
26/01/2022,80.156,26.97,28.78,79.3,11.33,13.2,84.3,68.62,72.21,79.8,30.54,38.01,79.204,47.87,40.78,77.9,9.78,10.79
25/01/2022,81.8,26.66,27.26,80.1,11.26,12.49,84.2,69.01,77.1,80.3,32.93,38.85,81.572,48.87,33.42,77.5,9.78,10.73
24/01/2022,83.567,25.93,23.33,79.8,11.97,13.1,83.4,71.48,79.57,81.5,32.83,37.22,81.162,48.87,35.03,77.3,11.57,11.53
21/01/2022,82.988,26.21,23.55,79,11.69,12.72,88.4,69.15,71.8,80.9,32.81,37.29,80.586,48.86,34.97,77.3,11.64,11.53
20/01/2022,82.121,26.08,24.24,78.6,11.65,12.62,81,67.78,58.59,80.8,33.45,36.96,77.893,48.09,33.02,76.4,15.6,10.45
19/01/2022,82.801,30.13,24.95,78.5,15.81,12.61,81,67.84,58.45,79.1,34.23,37.19,77.894,50.18,44.56,76.4,15.73,10.99
18/01/2022,83.1,30.25,25.38,78.9,15.85,11.81,77.3,73,77.3,80.8,33.83,35.69,73.952,47.43,34.71,75.9,15.66,12.05
17/01/2022,80.2,30.08,18.52,77.5,17.13,7.94,79.5,73.66,75.75,77.9,35.27,31.86,75.5,48.99,42.02,76.7,15.44,10.07
14/01/2022,79.076,29.8,15.32,77.5,17.28,8.76,83.1,72.5,71.57,77.9,35.77,39.6,73.92,50.14,39.19,76.7,15.62,10.48
13/01/2022,78.834,30.28,32.02,77,17.38,12.09,83.2,72.85,71.55,74.1,31.79,29.72,72.789,52.4,46.69,75.9,15.2,10.25
12/1/2022,79.9,30.13,31.38,77.6,17.3,11.79,79,70.95,68.47,75,31.87,31.53,72.062,52.22,47.62,75.6,15.44,10.37
11/1/2022,79.963,30.86,33.23,77.9,17.51,11.59,81.4,71.8,70.11,75.3,43.74,33.14,72.57,52.71,47.75,74.8,14.98,9.23
10/1/2022,80.103,31.08,33.18,77.3,17.27,11.83,82.6,75.07,69.42,74.3,46.48,31.77,71.3,53.85,50.29,74.8,16.13,9.23
7/1/2022,80.9,31.12,34.67,77.1,17.51,12.04,86.7,73.61,61.93,73.6,46.41,30.78,71.1,53.83,57.14,74.6,16.08,9.31
6/1/2022,81.939,30.95,34.32,76.9,17.47,12.5,87.1,74.02,65.65,74,46.4,30.79,74.404,52.58,52.83,74.9,16.07,9.89
5/1/2022,80.97,33.19,33.82,76.6,17.91,12.44,79,67.86,41.26,75.1,46.58,30.36,75.1,53.04,55.31,74,16.12,7.57
4/1/2022,82.495,32.71,31.76,76.3,17.85,12.33,78.7,71.97,53.47,75.6,46.55,30.41,78.817,51.05,54.6,74.3,16.43,7.21
3/1/2022,82.8,32.69,33.62,76.7,17.83,12.83,79.9,72.11,54.55,78.7,45.05,22.39,80.044,51.1,56.69,74.5,16.47,7.03
31/12/2021,79,29.43,22.14,75.4,17.52,10.33,79.9,76.42,58.12,76.9,44.7,25.23,76.7,51.76,55.36,73.8,16.14,7.57
30/12/2021,79.6,34.02,22.3,75.9,18.53,9.89,83,75.58,74.19,75.5,47.14,23.12,75.4,53.73,54.78,73.8,16.55,8.06
29/12/2021,77.952,34.75,23.07,76.1,18.63,9.62,80,74.7,72.2,77,46.81,21.72,76.3,55.43,60.61,73.8,16.66,8.19
28/12/2021,78,34.92,24.72,75.4,18.44,9.99,80,75.1,73.43,77.1,46.99,31.2,80.033,53.31,59.26,73.8,16.92,8.13
27/12/2021,79.5,36.47,22.84,75.5,19.22,11.73,79.5,75.32,81.13,77.2,48.28,31.6,77,54.16,55.9,73.9,17.71,12.45
24/12/2021,80.3,36.73,23.25,75.8,19.72,11.98,82.1,74.67,79.22,77.7,49.78,32.03,77.9,57.78,55.33,74.4,17.75,12.35
23/12/2021,80.3,37.62,23.22,75.8,20.71,11.98,79.4,75.74,85.78,77.7,49.89,33.44,80.709,57.91,51.49,74.1,18.9,20.71
22/12/2021,79.7,38.77,36.19,75.7,22.39,21.62,74.6,73.85,73.31,77.6,52.19,36.48,77.6,57.05,54.3,74,19.13,19.87
21/12/2021,81.1,38.41,35.43,76.3,22.38,21.56,71.7,74.08,93.15,78.8,52.2,37.34,80,56.26,51.79,73.8,19.23,20.35
20/12/2021,79.943,42.16,38,75.5,24.13,23.11,73.6,74.23,94.38,76.4,55.9,37.61,77.1,63.37,51.96,74.6,19.09,20.9
17/12/2021,79.303,42.41,36.79,75.1,24.16,21.4,80.2,70.86,84.21,77,55.8,37.56,76.3,63.35,54.24,75.1,21.01,20.9
16/12/2021,77.468,43.13,34.61,75,24.57,23.01,78.7,70.84,83.24,76,57.84,36.5,72.6,65.56,53.8,75,21.03,21.02
15/12/2021,78.697,42.8,34.56,75.7,24.46,23.37,76.6,73.68,80.44,79.1,56.1,35.46,75.782,64.68,51.76,75.2,21.59,22.82
14/12/2021,79.4,43.53,38.14,76.6,25.96,24.91,81.3,71.64,78.57,80.1,68.51,67.74,75.78,68.45,54.07,76.7,20.83,21.48
13/12/2021,78.186,43.57,35.71,76.3,25.99,24.14,81.8,72.24,90.53,79.6,68.58,73.59,75.3,71.21,59.47,77,21.32,24.83
10/12/2021,78.1,45.97,36.51,76.4,26.71,25.57,88.2,68.16,79.69,81.3,76.63,72.55,76.379,82.6,59.3,79.9,17.88,14.07
9/12/2021,82.052,43.59,27.53,79.1,24.61,19.26,89.3,67.92,79.83,84.1,75.96,68.96,80.071,81.43,54.68,80.6,17.63,12.93
8/12/2021,82.841,43.48,36.34,79.6,24.84,20.9,80.9,62.9,58.71,83.4,79.58,70.68,80.07,84.04,56.06,80.2,17.61,14.15
7/12/2021,85.893,41.75,28.71,82,22.94,11.99,84.5,62.67,66.39,88,78.13,61.56,83.929,83.94,48.05,80.2,17.87,14.42
6/12/2021,87.047,41.44,26.68,82.8,22.67,10.4,84.8,62.63,68.37,90.2,78.45,57.86,88.1,86.49,34.86,80.97,17.58,12.09
3/12/2021,85.707,41.43,26.15,82.1,22.62,11.65,86.9,62.79,83.7,89.4,78.75,57.77,83.921,86.28,35.55,80.8,17.6,12.31
2/12/2021,86.319,43.55,36.4,82.3,23.37,13.73,86.9,64.1,83.7,89.1,79.13,60.53,83.924,86.66,39.53,80.1,17.51,15.61
1/12/2021,84.642,43.42,42.86,81.7,23.35,15.4,91.2,62.84,77.72,81.1,76.5,41.03,82.345,117.87,52.64,80.6,17.3,16.13
30/11/2021,85.861,43.29,42.48,82,23.39,16.16,85,64.4,69.43,77,75.72,34.31,79.264,117.74,50.58,79.2,16.88,13.72
29/11/2021,85.233,43.35,49.62,81.3,23.33,20.09,84.7,64.89,69.92,77.7,75.77,40.14,79.26,121.18,58.83,79.2,16.95,15.75
26/11/2021,85.588,43.59,50.76,81.6,23.34,22.18,82.4,65.59,68.72,77.9,75.77,46.1,81,121.59,69.42,79.3,16.98,15.63
25/11/2021,82.2,44.68,47.44,80.6,23.58,23.56,81.8,67.59,74.01,79.5,81.96,45.29,79.272,161.48,71.45,78.3,16.81,17.75
24/11/2021,82.105,44.73,50.54,80.5,23.69,27.63,75.6,64.01,62.33,79.7,91.97,52.58,79.271,161.72,72.44,77.6,16.77,17.78
23/11/2021,82,44.87,50.55,80.8,23.67,27.4,77.2,63.64,64.22,79.2,92.06,53.02,77.862,164.05,71.8,77.4,16.77,17.79
22/11/2021,81.4,45.28,59.34,79.7,23.58,30.91,83.9,58.32,31.82,78.1,92.31,64.15,74.015,165.69,87.9,77.4,16.81,17.63
19/11/2021,76.92,42.22,52.29,78.2,23.05,29.82,83.9,58.31,48.99,74.1,93.17,59.97,70.298,168.9,83.48,78.5,16.2,23.99
18/11/2021,79.328,41.19,50.19,78.8,22.87,29.42,83.9,59.51,50.58,73.3,93.36,65.09,73.528,168.29,87.44,79.2,15.83,23.27
17/11/2021,80.277,40.97,48.27,79.4,22.76,28.19,81.9,59.99,68.08,74.2,93.22,63.46,73.528,168.12,87.92,78.6,15.76,25.79
16/11/2021,83.571,39.41,43.36,81,21.71,31.97,80.3,61.81,68.24,76.9,91.68,96.54,77.089,166.44,93.53,77.4,15.24,24.52
15/11/2021,85.1,39.06,41.93,82.4,20.77,29.63,80.3,63.63,69.83,80.1,89.88,92.38,82.5,164.37,91.76,77,15.5,25.79
12/11/2021,82.979,38.6,53.09,80.9,20.29,32.52,76.1,61.87,65.35,79.3,89.82,114.09,79.568,164.8,122.18,75.4,14.34,23
11/11/2021,80.434,37.76,51.72,78.8,19.01,29.68,74,61.53,64.25,75.4,89.68,109.61,77.857,164.8,121.29,74.7,14.14,22.66
10/11/2021,80.434,39.78,51.6,78.4,19.5,30.43,70.8,62.04,62.4,74,91.25,119.22,77.854,173.95,127.77,74.2,14.15,22.32
9/11/2021,75.779,35.7,41.25,76,17.28,25.4,68.5,61.86,60.58,68.7,89.62,112.97,70.17,172.76,116.82,73.6,14.15,21.78
8/11/2021,74.4,35.42,40.74,75.5,17.22,25.53,71.9,60.79,56.84,68.6,90.41,116.67,70.3,175.47,128.6,75.8,10.72,15.44
5/11/2021,71.796,34.81,35.2,74.4,16.93,24.24,72.7,61.1,61.36,64.9,89.62,113.68,65.181,174.85,124.08,76.1,10.75,15.27
4/11/2021,71.081,34.75,39.6,73.9,16.98,25.13,78,62.55,50.94,64.5,89.59,113.72,62.76,174.81,122.67,77.4,8.96,10.2
3/11/2021,72.92,33.87,39.88,76.2,14.23,19.49,76.3,62.36,51.9,73.1,78.54,92.35,67.202,173.49,186.12,77.1,8.99,10.3
2/11/2021,73.8,35.19,41.42,76.6,14.31,19.85,73.7,63.88,68.31,72.1,78.66,92.87,71.467,172.44,177.04,75.9,8.08,8.68
1/11/2021,77.34,33.07,30.71,78.2,12.4,14.38,72,64.16,69.38,80.7,66.97,55.01,82.076,165.27,159.07,75.8,8.13,8.96
29/10/2021,75.902,32.81,30.66,77.7,12.36,15.03,71,64.1,71.58,81.4,66.22,53.89,82.033,165.01,163.74,75.3,8.07,9.47
28/10/2021,75.114,33.03,41.42,76.6,11.88,15.84,73.5,63.93,74.34,75.1,65.4,67.03,76.602,166.37,238.69,75.1,8.28,10.21
27/10/2021,74.296,33.58,41.53,76.1,11.86,16.25,76.5,63.03,72.7,72.4,65.3,93.06,72.745,167.5,243.76,75.7,7.91,9.11
26/10/2021,73.279,33.52,41.52,75.5,11.76,16.49,76.2,63.49,72.74,69,64.83,96.27,66.1,166.22,244.72,75.1,7.83,8.54
25/10/2021,73.559,34.14,42.57,75.1,12.14,17.03,73.4,63.31,70.54,66.8,64.74,96.14,63.3,166.25,254.12,74.7,7.78,8.59
22/10/2021,76.633,31.42,34.4,76.4,10.92,12.88,76.2,66.53,67.21,67.9,63.79,90.38,64.5,165.99,251.08,74.6,7.93,9.4
21/10/2021,75.488,31.45,34.94,75.9,10.96,12.89,78.4,65.84,68.41,63.8,62.83,94.46,48.956,147.14,227.33,74.5,8.12,9.4
20/10/2021,73.999,31.1,33.44,75.1,10.83,12.47,72,63.02,52.08,61.7,62.7,98.4,47.667,147.13,227.87,73.7,7.9,7.68
19/10/2021,74.2,31.59,36.63,75,10.89,12.8,69.7,62.36,58.3,62.4,62.96,94.21,51.6,144.92,215.71,73.1,7.67,6.29
18/10/2021,75.155,31.43,36.35,75.3,10.74,12.29,72,62.97,61.03,62.6,62.62,93.35,53.4,144.04,213.78,73.3,7.61,7.6
15/10/2021,71.29,27.51,22.16,74,9.85,8.47,75.7,62.18,54.83,55.7,54.88,83.04,36.919,94.89,105.77,73.6,7.62,7.9
14/10/2021,71.5,27.93,22.61,73.2,9.52,6.42,73.4,62.01,52.56,47.8,34.72,42.17,37.4,95.35,104.52,73.9,7.55,7.68
13/10/2021,72.039,28.46,30.51,73.4,10.26,9.23,73.4,62.07,60.48,47.8,36.18,50.14,33.221,88.99,126.24,73.8,7.56,8.39
12/10/2021,73.2,28.26,29.45,73.8,10.38,8.86,74.7,63.22,60.93,45.9,35.34,47.17,35,87.53,127.74,74,7.45,8.78
11/10/2021,72.7,28.46,29.36,73.9,10.58,8.89,74.3,68.05,62.37,42.7,29.14,31.19,30.5,77.02,107.79,73.4,9.62,8.33
8/10/2021,73.478,28.3,33.37,73.9,10.57,10.51,77,67.34,56.35,42.8,29.8,31.38,31.362,76.58,107.84,73.3,9.8,8.95
7/10/2021,73.628,30.73,33.46,74.2,10.45,10.7,74.3,66.52,75.79,43.1,29.54,32.43,30.942,80.1,107.47,73.2,9.99,8.9
6/10/2021,71.52,29.53,29.27,73.7,14.22,11.51,70.3,64.49,69.1,42.1,35.1,34.7,30.3,79.74,105.75,73.1,10,8.93
5/10/2021,72.298,30.09,34.26,73.5,14.22,12.37,73.6,63.79,71.05,42,35.11,38.98,30.9,80.91,119.06,73.7,9.68,5.76
4/10/2021,71.7,30,37.93,73.4,14.48,12.47,74.8,63.65,70.4,41.3,35.01,39.07,31.1,81.74,119.08,73.3,9.58,5.78
1/10/2021,71.1,29.87,37.74,73.1,14.45,12.47,76.2,63.36,68.74,41.4,35.08,38.95,29.8,80.64,117.14,73.5,9.55,4.74
30/09/2021,73.8205,27.79,31.75,74,13.93,8.16,72.4,61.72,66.82,42.9,33.03,33.97,34.789,65.33,84.33,73,9.37,5.05
29/09/2021,74.036,27.79,32.97,73.9,13.98,7.82,70.3,61.18,68.6,42.3,32.94,35.81,32.6,62.63,93.22,72.4,9.07,6.75
28/09/2021,74.8,27.61,31.19,74.05,13.95,6.39,68.1,61.59,68.5,43.4,32.4,27.68,35.289,57.43,78.5,72,8.94,7.17
27/09/2021,72.7,26.26,30.59,73.3,13.66,7.07,66.3,61.41,69.13,43.2,32.92,26.8,35.3,57.46,79.54,71.4,9.19,6.39
24/09/2021,72.1645,28.5,31.72,72.7,13.57,10.18,72,61.39,66.31,42.5,32.98,27.08,35,57.82,80.69,71.2,9.15,6.97
23/09/2021,72.177,28.49,32.57,71.9,13.21,9.98,72.7,61.39,65.94,41.14,31.82,26.99,36.2,62.77,76.19,70.8,9.02,7.54
22/09/2021,69.687,29.03,28.12,71.1,12.96,9.35,68.6,60.54,65.41,39.7,31.27,23.72,33.35,58.36,66.94,70.7,9.12,8.18
21/09/2021,71.6,28.45,24.7,71.1,13.41,9.48,66.5,59.56,63.37,39,30.87,27.77,33.8,63.73,69.94,70.3,9.32,7.78
20/09/2021,72.1,29.45,24.99,70.9,13.66,9.7,66.8,59.59,67.66,38.4,30.81,27.64,32.9,63.15,69.31,70.3,9.32,7.87
17/09/2021,70.878,29.38,24.24,70.6,13.95,10.03,64.3,58.29,64.82,39.2,30.28,21.71,34.6,62.38,59.35,69.7,9.19,6.58
16/09/2021,69.2,28.19,22.57,70.2,14.96,9.92,65.8,58.05,64.93,38,28.91,18.57,31.431,56.45,39.14,70,9.18,6.37
15/09/2021,68.4,28.08,23.08,69.9,14.88,12.1,63.8,58.1,59.65,37.4,29.88,24.64,30.8,62.63,38.46,70.1,9.35,6.36
14/09/2021,66.7,27.72,14.79,69,14.48,9.79,65.3,60.07,67.67,36.6,36.07,22.79,29.4,62.82,24.88,69.9,9.35,6.36
13/09/2021,67.1,27.76,18.85,69.5,14.58,9.55,70.4,62.91,70.07,36.2,37.13,21.71,29.6,62.78,26.17,70.1,9.33,12.21
10/9/2021,67.6,27.75,18.85,69.6,15.02,9.89,69.8,62.81,69.18,36.2,37.12,26.9,29.8,63.02,26.22,69.53,8.98,10.47
9/9/2021,67.8,27.8,25.66,69.8,15.01,10.29,66,60.06,58.14,35.7,40.75,25.84,29.553,64.15,45.7,69.8,8.95,11.98
8/9/2021,68.9,31.13,25.44,69.9,15,19.27,66,60.16,60.69,36.3,40.45,40.89,30.5,64.43,45.1,69.8,8.97,12.28
7/9/2021,69.509,33.95,30.07,69.5,14.89,18.47,68.9,77.64,62.71,35.8,40.75,39.49,30.2,64.43,53.96,69.9,9.34,12.26
6/9/2021,68.7,33.74,28.84,69,15.27,19.03,71.6,76.73,60.19,35.5,41.22,40.16,30,64.84,59.23,70.2,9.33,12.28
3/9/2021,68.7,33.74,28.84,69,15.31,19.15,73.4,76.33,58.57,35.5,43.61,41.43,30,64.84,59.23,70.4,9.46,12.27
2/9/2021,69.757,33.75,28.62,69.8,15.79,18.65,74.1,78.39,59.29,36.4,44.03,39.53,30.9,65.16,57.74,70.4,9.46,12.37
1/9/2021,71.104,33.38,27.58,70.3,15.7,18.5,70.9,77.23,53.95,36.8,44.17,39.18,31.4,64.95,57.52,70.2,9.42,12.12
31/08/2021,71.943,33.39,27.43,70.7,15.62,18.5,77,73.18,36.88,36.8,44.53,40.31,31.8,64.81,57.59,71.6,7.64,5.67
30/08/2021,71,39.87,25.98,70.5,15.64,18.44,78.1,73.35,37.24,35.8,43.7,39.49,31.6,70.33,57.83,72,7.34,7.86
27/08/2021,71.363,39.84,25.98,70.2,15.58,18.07,77.2,74.41,59.48,35.7,43.9,39.37,31.735,70.85,57.79,71.5,7.18,6.62
26/08/2021,74.2,38.08,25.89,72.4,13.7,7.28,75.8,75.01,58.02,37.9,41.02,20.93,34.4,70.11,27.99,71.3,7.26,6.34
25/08/2021,75.1,38.3,25.43,72.5,13.68,8.7,73.5,79.32,62.3,37.9,41.82,25.43,34.6,74.99,60.45,71.5,7.27,7.06
24/08/2021,73.6,37.84,30.45,71.8,13.43,8.65,72.8,79.34,61.74,37.4,41.75,24.23,33.1,76.69,57.47,71.5,7.26,8.71
23/08/2021,73.3,37.95,31.02,71.7,13.43,9.28,72.65,85.12,61.71,36.9,43.64,23.21,31.9,76.53,70.95,71.6,7.29,8.68
20/08/2021,73.3,38.25,35.27,71.9,13.79,11.79,74,84.9,61.81,37.1,50.67,24.46,31.8,84.25,70.8,71.5,7.39,9.46
19/08/2021,74,38.71,37.42,72.1,13.76,16.1,73,84.9,60.97,37.1,52.14,25.08,31.5,85.15,74.85,71.5,8.03,9.52
18/08/2021,73.8,40.17,37.27,72.05,13.77,16.08,76.3,83.62,61.08,37.8,53.63,27.64,31,85.48,78.16,71.5,8.2,9.82
17/08/2021,73.6,40.39,37.91,71.9,13.78,16.64,76.3,83.62,61.08,36.9,55.08,44.88,30.6,88.03,93.46,72.3,7.27,6.13
16/08/2021,74,40.32,40.29,72.3,14.31,16.6,74.6,83.49,65.01,37.2,55.12,45.18,30.7,88.12,96.08,72.2,8.49,6.1
13/08/2021,76.925,43.54,33.41,72,14.3,17.39,81,79.03,70.63,37,58.01,45.23,29.9,89.29,95.66,72.5,8.51,5.23
12/8/2021,76.925,43.54,33.41,72.6,13.98,16.39,80.8,79.9,70.66,37.9,57.65,55.14,32.53,85.66,79.92,72.2,9.91,6.18
11/8/2021,77.21,43.86,33.25,73.5,15.3,13.84,77,81.05,65.73,37.8,66.14,55.78,31.7,94.59,84.85,71.6,9.66,5.14
10/8/2021,80.9,41.1,14.44,74.3,15.08,10.86,77,81.05,65.73,38.3,67.55,56.77,34.5,91.57,70.31,71.6,10.46,6.09
9/8/2021,80.3,41.11,35.55,73.6,15.09,15.05,77.1,82.62,66.35,37.9,67.69,59.07,34.5,91.74,71.18,71.1,10.25,5.65
6/8/2021,78.565,40.75,40.17,72.3,14.31,12.56,77,91.55,112.12,37.6,68.8,65.51,33.2,90.99,72.31,70.9,10.22,7.17
5/8/2021,77.33,40.7,40.34,72.35,14.71,14.9,76.23,91.55,112.15,36.5,68.06,65.45,31.9,90.25,71.71,70.5,11.19,6.76
4/8/2021,77.33,40.81,40.53,71.8,14.58,14.56,76.23,91.55,112.15,34,65.3,48.7,29.1,85.27,49.58,70.3,12.56,6.67
3/8/2021,76.6,41.99,40.3,71.3,14.45,14.29,76.5,91.53,112.27,32.9,64.25,40.8,27.7,83.91,37.93,70.18,14.39,8.4
2/8/2021,75,44.61,38.9,70.5,15.79,12.89,80,90.23,114.68,32.75,67.68,38.89,27.5,86.41,55.52,70.3,14.4,8.17
30/07/2021,74.88,45,55.88,70.6,17.88,12.89,85,87.81,106.93,34.57,69.64,32.59,28,90.24,61.24,70.5,14.39,7.94
29/07/2021,74.92,46.06,55.81,70.66,21.32,17.12,78,84.83,98.74,34.8,155.85,32.81,29.1,201.52,67.97,70.4,14.37,8.38
28/07/2021,74.8,47.46,56.31,70.65,21.32,17.11,78,84.83,98.74,35.5,155.6,39.71,30.2,208.55,88.1,69.8,14.07,7.49
27/07/2021,78.76,44.44,47.64,71.7,20.85,14.19,78,86.16,100.05,36.3,155.29,39.29,30.5,214.07,94.2,69.5,13.98,7.15
26/07/2021,75.6,42.96,43.32,72.1,20.78,13.29,79.1,91.64,100.91,38.1,154.2,39.34,31.3,213.75,94.98,69.9,14.29,6.54
23/07/2021,75.6,42.96,43.32,71,20.25,13.07,80.7,93.23,99.32,37,154.18,60.91,30.2,213.71,115.28,69.9,14.4,6.88
22/07/2021,76.5,42.79,42.33,70.75,20.26,13.04,80.7,93.23,99.32,37.6,153.94,64.95,30.2,213.67,118.01,69.9,14.86,8.95
21/07/2021,75.82,43.31,43.87,70.9,20.47,12.94,68.6,80.25,70.01,38.35,153.7,67.9,30.25,213.96,119.08,69.2,14.49,8.09
20/07/2021,75.82,43.99,44.91,71.2,20.6,12.49,68.1,80.29,70.32,38.8,154.59,73.53,33.09,212.59,114.3,69.1,15.08,8.07
19/07/2021,76.76,44.73,46.09,71.3,20.86,14.2,68.5,83.81,91.67,39.5,154.29,72.92,32.2,212.94,113.69,69.2,15.84,10.81
16/07/2021,71.45,39.76,29.13,69.9,20,10.63,72.6,82.26,84.46,40.6,154.46,79.82,34.65,211.4,110.28,69.4,15.94,11.55
15/07/2021,71.3,39.89,29.23,69.8,20.53,10.67,72.8,82.29,84.23,39.6,154.6,78.51,31.7,210.35,98.35,69.6,16.32,14.38
14/07/2021,71.915,44.18,47.97,69.8,22.23,17.13,71.3,83.21,83.97,40.2,155.29,98.13,33.9,209.75,118.49,69.5,16.53,14.48
13/07/2021,73.2,43.95,48.09,69.7,22.35,18.36,72.8,82.87,82.09,42.2,154.62,99.17,35.2,210.68,118.18,69.2,16.4,15.28
12/7/2021,72.97,43.95,48.1,70.4,22.39,17.71,69.6,82.2,79.72,38.9,153.54,86.68,31.4,209.07,95.57,69.4,16.77,15.37
9/7/2021,72.2,43.87,47.9,70.2,22.43,17.89,67,81.44,79.89,37.4,153.49,86.53,30.1,208.95,90.72,68.6,16.12,12.82
8/7/2021,73.33,43.56,46.75,70,22.39,18.8,61,76.29,61.35,35.7,153.09,79.74,29.2,208.88,88.57,68.9,16.2,14.5
7/7/2021,71.7,43.12,45.62,69.8,22.73,18.7,61,76.5,62.81,37.4,152.43,81.87,31.3,207.57,83.75,68.9,16.15,16.07
6/7/2021,69.1,41.68,40.99,68.7,21.99,15.82,67.2,71.31,90.04,37.8,152.56,81.89,30.9,207.85,84.57,69.8,15.92,22.18
5/7/2021,68,41.54,41.91,68.7,22.12,19.38,67.5,71.88,89.96,40.2,152.08,81.86,32.7,207.75,88.77,69.3,15.87,21.33
2/7/2021,68,42.1,48.1,68.7,22.12,22.74,66.6,74.21,89.76,40.2,152.48,94.34,32.7,208.02,101.97,70.4,15.47,20.34
1/7/2021,72.6,37.4,38.88,70.3,21.34,31.47,66.1,74.32,89.69,44.9,148.09,248.97,37.53,203.38,323.82,70.2,15.81,20.13
30/06/2021,71.1,37.17,41.74,69.5,20.9,30.5,65.2,74.38,89.36,43.1,147.88,251.15,36.9,203.59,348.97,71.1,15.54,19.33
29/06/2021,71,37.79,47.48,69.9,20.89,30.49,65,77.66,90.97,42.4,147.88,252.21,36.3,203.87,354.05,71.1,15.52,19.33
28/06/2021,71,38.46,47.48,69.5,20.85,30.15,67.1,77.88,92.79,40.8,148.68,253.99,35.9,203.88,354.67,71.2,15.51,20.32
25/06/2021,70.9,38.48,47.49,70.2,20.77,29.87,71.1,76.36,104.12,41.1,148.58,253.45,35.3,203.9,355.54,72.4,14.99,18.39
24/06/2021,71.44,38.62,47.42,70.3,20.81,30.05,74.8,74.77,102.18,39.6,148.39,254.79,35.5,203.8,354.63,73.9,14.58,14.01
23/06/2021,70.5,39.5,48.78,70.3,20.86,30.65,65.5,63.92,77.04,39.6,148.52,255.05,34.8,204.03,357.36,72.3,13,8.94
22/06/2021,72.7,38.85,46.86,72,19.94,27.75,65.5,64.48,77.25,37.1,148.57,259.86,32.7,204.73,362.58,72.3,13.24,12.77
21/06/2021,76.66,36.69,32.63,74.1,18.91,21.09,65.5,66.91,89.69,40.1,148.4,251.3,35.9,205.21,355.92,72.3,13.63,15.9
18/06/2021,75.22,36.71,32.61,71.4,15.21,9.55,65.5,67.1,90.73,25.3,53.78,30.83,19.8,101.52,142.17,72.3,13.87,16.22
17/06/2021,72.8,35.33,32.77,71.4,15.42,13.55,65.5,67.5,91.13,25.3,53.94,30.51,23.51,86.77,105.07,72.3,13.93,17.36
16/06/2021,70,36,46.14,71.4,16.17,20.91,63.5,67.07,93.47,25.3,64.56,34.85,19.8,88.34,34.99,72.3,13.93,17.84
15/06/2021,70,37.62,46.71,71.4,16.32,21.52,59.9,64.22,86.41,25.3,64.71,50.3,19.8,88.99,72.33,71.6,13.47,15.99
14/06/2021,70,37.67,46.71,71.4,16.34,21.99,66,58.88,68.59,25.3,64.8,50.36,19.8,89.24,73.69,72.1,13.41,16.69
11/6/2021,69.2,37.51,46.27,71.1,16.23,21.63,61.5,55.03,54.39,25.2,65.09,49.71,19.6,89.78,72.51,71.3,12.99,12.99
10/6/2021,67.41,36.44,43.38,70.4,15.77,20.08,61,55.92,53.82,25.3,66.29,49.95,20.1,89.63,72.55,71.3,13.21,12
9/6/2021,68.9,36.05,42.15,71,15.96,20.82,61.3,57.07,54.16,26.5,66.22,45.88,21.2,88.28,71.81,72.4,12.82,11.7
8/6/2021,66.5,34.65,36.18,70.2,15.62,18.1,66.2,53.13,40.29,26.2,67.35,51.84,21.8,89.51,71.27,73.7,11.99,10.33
7/6/2021,65.68,34.9,34.85,70,15.8,16.9,68,53.73,40.97,27.1,68.01,55.26,22.06,91.15,76.56,73.4,12.1,11.15
4/6/2021,66.2,35.58,35.98,71.1,15.61,16.53,67.2,54.74,52.42,27.4,69.41,56.31,22.4,92.82,77.18,74.4,11.67,10.21
3/6/2021,70.4,30.91,17.9,73.2,13.2,11.61,64.1,52.84,43.12,28.6,69.53,52.84,23.5,93.32,74.98,75.3,11.3,11.81
2/6/2021,69.5,31.14,16.15,72.7,13.14,9.94,64.1,54.16,42.79,27.1,68.42,39.52,21.3,89.48,41.42,75.3,11.58,11.68
1/6/2021,69.49,31.82,17.86,73.5,13.08,9.61,65.4,55.39,62.48,27.6,69.88,40.43,22.1,90.64,52.81,76.4,10.7,9.48
31/05/2021,69.6,32.56,24.51,74.1,13.21,10.78,65.3,56.92,64.65,28,71.55,57.93,22.3,92.72,55.45,76.8,10.81,9.34
28/05/2021,69.6,33.34,24.12,74.1,13.54,10.78,66.4,58.51,65.29,28,73.51,57.95,22.3,95.01,55.74,77.5,10.5,8.86
27/05/2021,69.14,33.99,25.02,75.3,12.74,8.17,67.9,60,65.08,28.6,75.24,56.71,21.5,96.51,52.06,77.8,10.67,11.26
26/05/2021,69.3,34.92,28.23,75.5,13.09,9.02,66.1,60.51,67.51,27.5,75.76,53.1,22,98.8,51.56,78,10.92,11.73
,,,,,,,,,,,,,,,,,,
,,,,,,,,,,,,,,,,,,
,,,,,,,,,,,,,,,,,,
,,,,,,,,,,,,,,,,,,
,,,,,,,,,,,,,,,,,,
,,,,,,,,,,,,,,,,,,
,,,,,,,,,,,,,,,,,,
,,,,,,,,,,,,,,,,,,
,,,,,,,,,,,,,,,,,,
,,,,,,,,,,,,,,,,,,
,,,,,,,,,,,,,,,,,,
,,,,,,,,,,,,,,,,,,
,,,,,,,,,,,,,,,,,,
,,,,,,,,,,,,,,,,,,
,,,,,,,,,,,,,,,,,,
,,,,,,,,,,,,,,,,,,
,,,,,,,,,,,,,,,,,,
